Date,Open,High,Low,Close,Adj Close,Volume,Tomorrow
4/26/2016,32,32.299999,31.93,32.189999,27.178616,8701200,32.16
4/27/2016,32.18,32.290001,31.99,32.16,27.153286,6711400,32.439999
4/28/2016,31.969999,32.73,31.73,32.439999,27.389698,13443200,31.799999
4/29/2016,32.349998,32.349998,31.52,31.799999,26.849333,12533000,31.75
5/2/2016,32.049999,32.119999,31.73,31.75,26.807117,9794000,31.25
5/3/2016,31.57,31.6,30.67,31.25,26.384958,15046300,30.59
5/4/2016,31,31.09,30.42,30.59,25.827707,13712700,30.540001
5/5/2016,30.790001,30.809999,30.299999,30.540001,25.785496,10383800,30.959999
5/6/2016,30.73,31.110001,30.559999,30.959999,26.1401,11427900,30.780001
5/9/2016,31,31.07,30.540001,30.780001,25.988129,8127200,31.35
5/10/2016,30.9,31.370001,30.84,31.35,26.469389,9185400,31.08
5/11/2016,31.32,31.459999,31,31.08,26.241423,8538100,31.18
5/12/2016,31.200001,31.370001,30.75,31.18,26.325855,9411500,30.52
5/13/2016,30.870001,31.290001,30.370001,30.52,25.768606,10563400,30.67
5/16/2016,30.5,30.98,30.5,30.67,25.895252,17749500,30.629999
5/17/2016,30.4,30.780001,30.280001,30.629999,25.861481,9542900,30.75
5/18/2016,30.559999,31.040001,30.440001,30.75,25.962801,8454200,30.32
5/19/2016,30.51,30.68,30.17,30.32,25.599743,10142200,30.57
5/20/2016,30.51,30.790001,30.4,30.57,25.81082,7736100,30.59
5/23/2016,30.5,30.629999,30.35,30.59,25.827707,6698900,31.049999
5/24/2016,30.65,31.08,30.620001,31.049999,26.216097,8743100,31.65
5/25/2016,31.190001,31.77,31.120001,31.65,26.722687,10151600,31.290001
5/26/2016,31.65,31.75,31.18,31.290001,26.418732,6747700,31.389999
5/27/2016,31.309999,31.639999,31.26,31.389999,26.503159,6089800,31.280001
5/31/2016,31.540001,31.620001,31.129999,31.280001,26.410284,11803400,30.219999
6/1/2016,31.15,31.15,29.870001,30.219999,25.51531,26002300,30.26
6/2/2016,30.129999,30.459999,30.049999,30.26,25.54908,12649300,29.6
6/3/2016,30.09,30.15,29.51,29.6,24.991831,18549600,29.99
6/6/2016,29.85,30.040001,29.719999,29.99,25.321117,10985800,30.23
6/7/2016,30.16,30.379999,29.950001,30.23,25.523752,14425700,29.57
6/8/2016,30,30.030001,29.52,29.57,25.284334,12990900,29.360001
6/9/2016,29.48,29.5,29.16,29.360001,25.104774,11907500,29.059999
6/10/2016,29.219999,29.34,28.98,29.059999,24.848249,10740400,29.08
6/13/2016,28.85,29.4,28.799999,29.08,24.865353,13871300,28.83
6/14/2016,29.07,29.309999,28.65,28.83,24.651583,10751700,28.860001
6/15/2016,28.98,29.219999,28.790001,28.860001,24.67724,8479900,29.02
6/16/2016,28.67,29.07,28.5,29.02,24.814049,9654400,29.23
6/17/2016,29.139999,29.43,29.059999,29.23,24.993614,12707400,29.65
6/20/2016,29.620001,30.030001,29.59,29.65,25.352737,12329100,29.51
6/21/2016,29.639999,29.77,29.43,29.51,25.23303,10318000,29.32
6/22/2016,29.34,29.59,29.27,29.32,25.070572,8717200,29.82
6/23/2016,29.59,29.85,29.549999,29.82,25.4981,9598100,28.35
6/24/2016,28.58,29.040001,28.25,28.35,24.241152,30181100,27.51
6/27/2016,28.09,28.1,27.34,27.51,23.522894,18634200,27.74
6/28/2016,27.93,27.98,27.4,27.74,23.719561,14061400,28.17
6/29/2016,28,28.200001,27.6,28.17,24.08724,10644100,28.299999
6/30/2016,28.18,29.66,27.700001,28.299999,24.198397,15360600,28.889999
7/1/2016,28.690001,28.98,28.360001,28.889999,24.702888,15157900,28.17
7/5/2016,28.639999,28.68,28.040001,28.17,24.08724,12178200,28.4
7/6/2016,28,28.41,27.52,28.4,24.283905,14631400,28.74
7/7/2016,28.49,29.059999,28.42,28.74,24.574627,10842300,29.66
7/8/2016,29.27,29.870001,29.27,29.66,25.361292,16659400,30.129999
7/11/2016,29.790001,30.27,29.74,30.129999,25.763174,13870300,30.6
7/12/2016,30.450001,30.85,30.389999,30.6,26.165058,16786300,30.629999
7/13/2016,30.629999,30.690001,30.219999,30.629999,26.190704,13303600,30.76
7/14/2016,30.879999,31.049999,30.6,30.76,26.301867,11306400,30.77
7/15/2016,30.82,30.98,30.57,30.77,26.310419,8429500,30.870001
7/18/2016,30.75,31.1,30.610001,30.870001,26.395922,8732300,31.25
7/19/2016,30.700001,31.27,30.700001,31.25,26.720844,17164100,31.49
7/20/2016,31.42,31.58,31.07,31.49,26.926064,20923000,32.029999
7/21/2016,31.49,32.869999,31.49,32.029999,27.3878,36218500,32.16
7/22/2016,32.099998,32.240002,31.719999,32.16,27.498957,13305400,32.060001
7/25/2016,32.189999,32.360001,31.959999,32.060001,27.413452,11324900,32.150002
7/26/2016,31.98,32.220001,31.889999,32.150002,27.49041,9462000,32.02
7/27/2016,32.18,32.290001,31.969999,32.02,27.37925,9159500,30.99
7/28/2016,31.049999,31.200001,30.65,30.99,26.498533,20363900,31.540001
7/29/2016,30.790001,31.549999,30.780001,31.540001,26.968822,16150500,31.299999
8/1/2016,31.540001,31.620001,31.200001,31.299999,26.763597,11190600,29.93
8/2/2016,31.030001,31.08,29.82,29.93,25.592161,24346900,30.24
8/3/2016,30,30.25,29.91,30.24,25.857229,14504200,30.34
8/4/2016,30.24,30.530001,30.23,30.34,25.942734,8660900,30.799999
8/5/2016,30.51,30.889999,30.5,30.799999,26.336069,13135900,30.879999
8/8/2016,30.92,31.059999,30.799999,30.879999,26.404476,10470900,31.07
8/9/2016,30.91,31.25,30.83,31.07,26.566935,13691100,31.25
8/10/2016,31.030001,31.27,30.959999,31.25,26.720844,10833700,31.75
8/11/2016,31.43,31.790001,31.360001,31.75,27.148378,13210800,31.57
8/12/2016,31.6,31.75,31.549999,31.57,26.994471,9843700,31.860001
8/15/2016,31.59,31.889999,31.549999,31.860001,27.242435,9345300,31.709999
8/16/2016,31.809999,31.85,31.610001,31.709999,27.11418,9888500,31.85
8/17/2016,31.709999,31.879999,31.549999,31.85,27.233887,8392400,31.549999
8/18/2016,31.799999,31.860001,31.48,31.549999,26.977365,14089900,31.83
8/19/2016,31.48,31.889999,31.4,31.83,27.216787,8809700,31.870001
8/22/2016,31.790001,31.950001,31.700001,31.870001,27.250992,8306000,31.9
8/23/2016,31.969999,32.049999,31.870001,31.9,27.27664,10961100,31.780001
8/24/2016,31.84,32.09,31.76,31.780001,27.174034,8179500,31.540001
8/25/2016,31.709999,31.75,31.360001,31.540001,26.968822,15930800,31.530001
8/26/2016,31.67,31.82,31.42,31.530001,26.960268,10436200,31.809999
8/29/2016,31.780001,31.959999,31.57,31.809999,27.199686,7708300,31.67
8/30/2016,31.809999,32,31.23,31.67,27.079975,10748700,31.92
8/31/2016,31.67,31.940001,31.65,31.92,27.293745,9625600,31.799999
9/1/2016,31.860001,32.549999,31.34,31.799999,27.191137,14898800,32.16
9/2/2016,31.879999,32.200001,31.85,32.16,27.498957,10828400,32.119999
9/6/2016,32.25,32.34,31.85,32.119999,27.464752,16774800,31.889999
9/7/2016,31.99,31.99,31.620001,31.889999,27.594551,12554700,31.709999
9/8/2016,31.85,32,31.68,31.709999,27.438795,11808200,30.48
9/9/2016,31.440001,31.559999,30.370001,30.48,26.37447,22476300,31.18
9/12/2016,30.360001,31.35,30.129999,31.18,26.980186,17250300,30.940001
9/13/2016,31.02,31.15,30.82,30.940001,26.772511,16162900,30.709999
9/14/2016,30.790001,30.870001,30.49,30.709999,26.57349,12903200,31.120001
9/15/2016,30.75,31.23,30.74,31.120001,26.92827,13467400,30.969999
9/16/2016,31.129999,31.129999,30.610001,30.969999,26.798471,12780800,31.719999
9/19/2016,31.9,32.080002,31.66,31.719999,27.447451,32234800,31.65
9/20/2016,31.91,31.940001,31.33,31.65,27.386877,12876200,32.110001
9/21/2016,31.719999,32.16,31.719999,32.110001,27.784922,14468700,32.389999
9/22/2016,32.27,32.470001,32.27,32.389999,28.027208,12034000,32.119999
9/23/2016,32.099998,32.369999,32.049999,32.119999,27.793571,9812100,31.799999
9/26/2016,32.02,32.119999,31.75,31.799999,27.516674,12700900,31.6
9/27/2016,31.77,31.959999,31.540001,31.6,27.343615,14465300,31.9
9/28/2016,31.75,31.940001,31.540001,31.9,27.603205,10713600,31.48
9/29/2016,31.77,31.959999,31.450001,31.48,27.23978,8821200,31.77
9/30/2016,31.629999,31.950001,31.58,31.77,27.490713,9330000,32.040001
10/3/2016,31.639999,32.240002,31.610001,32.040001,27.72435,11375900,32.169998
10/4/2016,32.080002,32.470001,32.040001,32.169998,27.836836,8506200,32.68
10/5/2016,32.310001,32.779999,32.23,32.68,28.278143,11093500,32.529999
10/6/2016,32.540001,32.639999,32.209999,32.529999,28.148346,8611200,32.34
10/7/2016,32.5,32.599998,32.049999,32.34,27.98394,8909400,32.150002
10/10/2016,32.310001,32.599998,32.119999,32.150002,27.819534,6094800,31.889999
10/11/2016,32.23,32.279999,31.690001,31.889999,27.594551,7977500,31.68
10/12/2016,31.9,31.99,31.65,31.68,27.412836,5597600,31.51
10/13/2016,31.48,31.629999,30.879999,31.51,27.265734,12102600,31.870001
10/14/2016,31.76,31.99,31.68,31.870001,27.577246,11105600,31.559999
10/17/2016,31.84,32.060001,31.530001,31.559999,27.309,7476100,31.4
10/18/2016,31.83,31.879999,31.190001,31.4,27.170553,7973300,31.85
10/19/2016,31.540001,31.98,31.48,31.85,27.559937,9158600,31.75
10/20/2016,31.780001,31.860001,31.389999,31.75,27.473408,8077600,32.040001
10/21/2016,31.58,32.169998,31.48,32.040001,27.72435,11975700,32.98
10/24/2016,32.18,33.080002,32.150002,32.98,28.537735,20232300,31.6
10/25/2016,32.849998,32.849998,31.389999,31.6,27.343615,34069800,31.58
10/26/2016,31.219999,31.74,31.120001,31.58,27.326305,14955800,31.33
10/27/2016,31.75,31.780001,31.190001,31.33,27.109983,20653600,31.32
10/28/2016,31.33,31.76,31.219999,31.32,27.101328,10571600,31.6
10/31/2016,31.42,31.65,31.35,31.6,27.343615,7954100,31.48
11/1/2016,31.700001,32.080002,31.190001,31.48,27.23978,14668300,31.450001
11/2/2016,31.33,31.719999,31.309999,31.450001,27.213818,11763100,31.07
11/3/2016,31.450001,31.639999,30.950001,31.07,26.885,13720100,31.16
11/4/2016,31,31.540001,30.940001,31.16,26.962877,12770800,32.02
11/7/2016,31.58,32.150002,31.540001,32.02,27.707039,13560200,31.73
11/8/2016,31.9,31.969999,31.41,31.73,27.456102,10364600,30.959999
11/9/2016,30.91,31.15,30.209999,30.959999,26.789816,38594400,32.73
11/10/2016,30.93,32.830002,30.91,32.73,28.321407,27811100,34.02
11/11/2016,32.490002,34.279999,32.380001,34.02,29.437649,33042700,33.279999
11/14/2016,33.900002,34.419998,33.049999,33.279999,28.797323,20214700,33.43
11/15/2016,33.299999,33.599998,33.099998,33.43,28.927122,10906600,33.23
11/16/2016,33.360001,33.360001,33.07,33.23,28.754061,8821300,33.419998
11/17/2016,32.970001,33.439999,32.75,33.419998,28.918461,11728600,33
11/18/2016,33.400002,33.419998,32.959999,33,28.555038,8617200,33.009998
11/21/2016,33.23,33.279999,32.98,33.009998,28.563688,11667100,33.810001
11/22/2016,32.82,33.82,32.77,33.810001,29.255941,12283800,33.860001
11/23/2016,33.740002,33.990002,33.689999,33.860001,29.299198,8708800,34.25
11/25/2016,34,34.32,33.93,34.25,29.636667,5317700,34.049999
11/28/2016,34.349998,34.380001,33.959999,34.049999,29.46361,11516600,34.57
11/29/2016,34.029999,34.580002,33.860001,34.57,29.91357,12610000,34.529999
11/30/2016,34.700001,34.98,34.450001,34.529999,29.878952,15681700,36.43
12/1/2016,34.810001,36.66,34.790001,36.43,31.523035,37092300,35.41
12/2/2016,36.25,36.299999,35.299999,35.41,30.640423,22753400,34.939999
12/5/2016,35.349998,35.459999,34.91,34.939999,30.561695,12440400,35.07
12/6/2016,35.09,35.16,34.91,35.07,30.675409,11867800,36.299999
12/7/2016,35.18,36.540001,35.09,36.299999,31.751287,26622400,36.419998
12/8/2016,36.189999,36.459999,36.040001,36.419998,31.856243,14516000,37.66
12/9/2016,36.41,37.68,36.41,37.66,32.940857,26434200,37.099998
12/12/2016,37.509998,37.740002,37.009998,37.099998,32.451038,15575200,37.360001
12/13/2016,37.150002,37.439999,36.950001,37.360001,32.678455,9228800,35.950001
12/14/2016,36.299999,36.779999,35.93,35.950001,31.445141,19799000,36.240002
12/15/2016,35.869999,36.389999,35.779999,36.240002,31.698797,18215600,36.369999
12/16/2016,36.400002,36.41,36.099998,36.369999,31.812511,23751600,36.400002
12/19/2016,36.490002,36.73,36.150002,36.400002,31.838749,10960800,36.610001
12/20/2016,36.400002,36.73,36.23,36.610001,32.022434,8795900,36.419998
12/21/2016,36.5,36.689999,36.349998,36.419998,31.856243,6669700,35.689999
12/22/2016,36.290001,36.400002,35.630001,35.689999,31.217722,9911700,35.689999
12/23/2016,35.830002,35.869999,35.540001,35.689999,31.217722,9351200,35.540001
12/27/2016,35.799999,35.93,35.5,35.540001,31.086515,6008700,35.150002
12/28/2016,35.740002,35.799999,35.130001,35.150002,30.74539,8451900,35.139999
12/29/2016,35.25,35.48,35.119999,35.139999,30.736641,4416700,34.84
12/30/2016,35.209999,35.310001,34.669998,34.84,30.474236,7646100,35.150002
1/3/2017,34.98,35.57,34.84,35.150002,30.74539,10904900,37.09
1/4/2017,35.599998,37.240002,35.470001,37.09,32.442291,23388500,36.389999
1/5/2017,37.009998,37.049999,36.07,36.389999,31.830006,15636700,35.990002
1/6/2017,36.41,36.549999,35.93,35.990002,31.480127,13240100,36.009998
1/9/2017,36.119999,36.529999,35.860001,36.009998,31.497618,15204500,37.349998
1/10/2017,36.189999,38.16,36.049999,37.349998,32.669716,34804500,37.950001
1/11/2017,37.540001,38.110001,37.220001,37.950001,33.194527,19553900,37.509998
1/12/2017,38,38.150002,37.060001,37.509998,32.809658,16830200,37.34
1/13/2017,37.549999,37.77,37.150002,37.34,32.660957,8748800,37.310001
1/17/2017,37.34,37.689999,37.169998,37.310001,32.63472,8225700,37.470001
1/18/2017,37.450001,37.580002,37.119999,37.470001,32.774666,11220100,37.299999
1/19/2017,37.630001,37.84,37.16,37.299999,32.625973,8262700,37.009998
1/20/2017,37.419998,37.419998,36.759998,37.009998,32.372311,14001500,36.650002
1/23/2017,37.009998,37.130001,36.380001,36.650002,32.057426,11624500,37
1/24/2017,36.700001,37.240002,36.68,37,32.36356,11600300,38.279999
1/25/2017,37.709999,38.380001,37.599998,38.279999,33.483166,20745200,37.52
1/26/2017,38.099998,38.25,37.369999,37.52,32.818405,10813400,37.009998
1/27/2017,37.52,37.59,36.880001,37.009998,32.372311,10228600,36.330002
1/30/2017,36.84,36.900002,36.130001,36.330002,31.777525,11787700,36.610001
1/31/2017,36.25,36.650002,36.119999,36.610001,32.022434,10679000,36.139999
2/1/2017,36.68,37.110001,35.860001,36.139999,31.611332,13744100,35.73
2/2/2017,36.080002,36.139999,35.470001,35.73,31.25271,11893700,36.330002
2/3/2017,35.919998,36.330002,35.68,36.330002,31.777525,13962200,36.830002
2/6/2017,36.41,36.830002,36.259998,36.830002,32.214863,13941200,35.099998
2/7/2017,35.75,35.959999,34.799999,35.099998,30.701658,39477700,35.139999
2/8/2017,35.200001,35.330002,34.720001,35.139999,30.736641,16867300,35.080002
2/9/2017,35.139999,35.400002,35.02,35.080002,30.684164,14834000,35.169998
2/10/2017,35.209999,35.32,35.080002,35.169998,30.762878,10321800,35.52
2/13/2017,35.380001,35.540001,35.18,35.52,31.069021,10141600,37.240002
2/14/2017,36.720001,37.400002,36.669998,37.240002,32.57349,31403300,37.080002
2/15/2017,36.950001,37.110001,36.599998,37.080002,32.43354,15674400,37.029999
2/16/2017,37.110001,37.16,36.82,37.029999,32.389809,9369400,37.220001
2/17/2017,36.790001,37.900002,36.41,37.220001,32.556004,15777400,37.810001
2/21/2017,37.599998,38.099998,37.419998,37.810001,33.072063,14549200,37.84
2/22/2017,37.889999,38.099998,37.799999,37.84,33.098305,9102700,37.25
2/23/2017,37.939999,38.07,37.189999,37.25,32.58223,13179200,36.900002
2/24/2017,36.869999,37.189999,36.57,36.900002,32.2761,13060100,37.27
2/27/2017,36.919998,37.360001,36.860001,37.27,32.599728,10091800,36.84
2/28/2017,37.150002,37.220001,36.549999,36.84,32.223614,10497800,37.43
3/1/2017,37.200001,37.75,37.18,37.43,32.739685,10702600,37.759998
3/2/2017,37.369999,38.099998,37.25,37.759998,33.02832,14935100,38.23
3/3/2017,37.759998,38.369999,37.580002,38.23,33.43943,19455500,37.91
3/6/2017,37.98,38.549999,37.200001,37.91,33.159534,20199100,37.52
3/7/2017,37.759998,37.84,37.299999,37.52,32.818405,17247500,37.27
3/8/2017,37.110001,37.689999,37.110001,37.27,32.933273,11375600,36.830002
3/9/2017,37.330002,37.349998,36.779999,36.830002,32.544476,12703600,36.830002
3/10/2017,37.099998,37.189999,36.77,36.830002,32.544476,18653600,36.869999
3/13/2017,37,37.130001,36.830002,36.869999,32.579823,10120700,36.959999
3/14/2017,36.75,36.970001,36.68,36.959999,32.659348,5924300,37.09
3/15/2017,37.07,37.16,36.790001,37.09,32.774231,28089800,37.080002
3/16/2017,37.09,37.119999,36.77,37.080002,32.765388,12599000,36.330002
3/17/2017,37.130001,37.16,36.299999,36.330002,32.102654,19603600,35.709999
3/20/2017,36.360001,36.450001,35.599998,35.709999,31.5548,38504800,34.549999
3/21/2017,35.950001,35.98,34.470001,34.549999,30.529774,30898000,34.389999
3/22/2017,34.310001,34.610001,33.959999,34.389999,30.388397,18940400,34.259998
3/23/2017,34,34.459999,33.790001,34.259998,30.27352,14536600,34.560001
3/24/2017,34.400002,35.07,34.080002,34.560001,30.538612,16257000,34.709999
3/27/2017,34.279999,34.75,33.970001,34.709999,30.671152,12941300,35.560001
3/28/2017,34.66,36.25,34.66,35.560001,31.422255,29829300,35.540001
3/29/2017,35.619999,36.060001,35.52,35.540001,31.404575,13884400,35.41
3/30/2017,35.5,35.790001,35.32,35.41,31.289705,8760600,35.360001
3/31/2017,35.349998,35.509998,35.27,35.360001,31.245525,11772800,34.169998
4/3/2017,35.360001,35.400002,33.799999,34.169998,30.193991,31894300,34.27
4/4/2017,33.900002,34.43,33.900002,34.27,30.282351,9500000,34
4/5/2017,34.619999,34.650002,33.990002,34,30.04377,10664200,34.16
4/6/2017,34.02,34.470001,33.889999,34.16,30.185162,12171900,33.709999
4/7/2017,34.029999,34.200001,33.700001,33.709999,29.787519,14549000,33.970001
4/10/2017,33.84,34.119999,33.799999,33.970001,30.017262,13814900,33.919998
4/11/2017,34.09,34.09,33.59,33.919998,29.973083,10424300,33.939999
4/12/2017,34.029999,34.290001,33.720001,33.939999,29.990757,14715000,33.389999
4/13/2017,33.779999,33.91,33.369999,33.389999,29.504753,9527100,33.900002
4/17/2017,33.470001,33.98,33.369999,33.900002,29.955408,10736500,33.689999
4/18/2017,33.720001,33.830002,33.490002,33.689999,29.76984,7020400,33.790001
4/19/2017,33.889999,34.099998,33.709999,33.790001,29.85821,12368700,34.099998
4/20/2017,33.950001,34.52,33.900002,34.099998,30.132137,11656200,33.75
4/21/2017,34.110001,34.16,33.610001,33.75,29.822861,9713200,33.91
4/24/2017,34.060001,34.150002,33.630001,33.91,29.964249,13984600,33.990002
4/25/2017,34.099998,34.16,33.720001,33.990002,30.034939,11538000,34.380001
4/26/2017,34.009998,34.939999,33.950001,34.380001,30.379553,14694300,34.540001
4/27/2017,34.52,34.59,33.950001,34.540001,30.520939,13869800,34.639999
4/28/2017,35.07,35.290001,34.419998,34.639999,30.609301,16650700,34.200001
5/1/2017,34.630001,34.650002,34.130001,34.200001,30.220505,12790500,33.200001
5/2/2017,34.09,34.34,32.82,33.200001,29.336859,24706100,33.48
5/3/2017,33.029999,33.66,33.009998,33.48,29.584284,12611700,33.150002
5/4/2017,33.650002,33.669998,32.970001,33.150002,29.292679,12464400,33.77
5/5/2017,33.299999,33.77,33.200001,33.77,29.84054,10145900,33.970001
5/8/2017,33.849998,34.25,33.799999,33.970001,30.017262,11736500,34.259998
5/9/2017,33.900002,34.470001,33.900002,34.259998,30.27352,8434500,34.23
5/10/2017,34.25,34.459999,34.080002,34.23,30.247009,7665300,34.110001
5/11/2017,34.07,34.23,33.900002,34.110001,30.140976,9045400,33.619999
5/12/2017,33.939999,34.150002,33.27,33.619999,29.707991,12503600,33.82
5/15/2017,33.970001,34.150002,33.650002,33.82,29.884718,13634400,33.419998
5/16/2017,33.900002,33.990002,33.349998,33.419998,29.531263,13551400,32.419998
5/17/2017,33.419998,33.509998,32.09,32.419998,28.647619,18631900,32.470001
5/18/2017,32.23,32.669998,32.209999,32.470001,28.691801,14031300,32.720001
5/19/2017,32.549999,32.970001,32.509998,32.720001,28.91272,14019200,32.919998
5/22/2017,32.970001,33.25,32.740002,32.919998,29.089439,18258800,33.220001
5/23/2017,33.049999,33.400002,33.009998,33.220001,29.354536,17574200,33.200001
5/24/2017,33.200001,33.41,33,33.200001,29.336859,10709100,32.599998
5/25/2017,33.200001,33.470001,31.92,32.599998,28.806675,32345900,33.07
5/26/2017,32.360001,33.07,32.240002,33.07,29.221983,16813700,33.529999
5/30/2017,33.09,33.740002,33.040001,33.529999,29.628456,13923600,33.93
5/31/2017,33.709999,33.970001,33.48,33.93,29.981922,16515800,34.43
6/1/2017,34.060001,34.869999,33.049999,34.43,30.423738,22657800,34.450001
6/2/2017,34.349998,34.529999,33.959999,34.450001,30.441416,11654500,34.459999
6/5/2017,34.470001,34.740002,34.259998,34.459999,30.450253,11884900,34.43
6/6/2017,34.330002,34.48,34.099998,34.43,30.423738,11523000,34.34
6/7/2017,34.189999,34.459999,34.09,34.34,30.68285,13022900,34.110001
6/8/2017,34.34,34.34,33.84,34.110001,30.477352,10756800,34.34
6/9/2017,34.049999,34.439999,34.049999,34.34,30.68285,14868200,34.68
6/12/2017,34.220001,34.82,34.220001,34.68,30.986645,14344200,34.509998
6/13/2017,34.68,34.700001,34.200001,34.509998,30.834745,12112000,34.610001
6/14/2017,34.540001,34.639999,34.150002,34.610001,30.924099,10591300,34.599998
6/15/2017,34.41,34.669998,34.380001,34.599998,30.915167,10177000,34.290001
6/16/2017,34.59,34.599998,33.919998,34.290001,30.63818,16193200,34.349998
6/19/2017,34.369999,34.57,34.279999,34.349998,30.69179,11221300,34.400002
6/20/2017,34.34,34.52,34.150002,34.400002,30.736465,8296600,34.130001
6/21/2017,34.48,34.5,33.950001,34.130001,30.495224,9127700,34.189999
6/22/2017,34.049999,34.34,33.860001,34.189999,30.548832,8937500,34.200001
6/23/2017,34.139999,34.27,33.959999,34.200001,30.557766,10238800,34.52
6/26/2017,34.27,34.650002,34.18,34.52,30.843683,11836600,34.209999
6/27/2017,34.330002,34.5,34.02,34.209999,30.566696,11679700,34.580002
6/28/2017,34.57,34.75,34.459999,34.580002,30.897295,11025300,34.860001
6/29/2017,34.66,34.93,34.529999,34.860001,31.14747,10209700,34.93
6/30/2017,34.970001,35.049999,34.77,34.93,31.210016,7679700,35.57
7/3/2017,34.52,36,34.450001,35.57,31.781864,10915700,35.009998
7/5/2017,35.57,35.580002,34.880001,35.009998,31.281502,10819300,34.869999
7/6/2017,34.869999,35.16,34.73,34.869999,31.156412,8567200,34.939999
7/7/2017,35,35.049999,34.77,34.939999,31.218958,8623500,35.189999
7/10/2017,35,35.349998,34.869999,35.189999,31.442327,10546400,35.400002
7/11/2017,35.189999,35.459999,35.139999,35.400002,31.629969,10124200,35.5
7/12/2017,35.5,35.900002,35.470001,35.5,31.719315,7529400,35.860001
7/13/2017,35.5,36.119999,35.450001,35.860001,32.040977,13828400,36.349998
7/14/2017,36.029999,36.439999,35.98,36.349998,32.478794,10241300,36.380001
7/17/2017,36.380001,36.540001,36.200001,36.380001,32.5056,10631800,36.43
7/18/2017,36.310001,36.490002,36.220001,36.43,32.550262,7769000,36.470001
7/19/2017,36.380001,36.540001,36.299999,36.470001,32.586014,7816800,36.41
7/20/2017,36.5,36.630001,36.290001,36.41,32.532402,10159200,36.07
7/21/2017,36.049999,36.110001,35.709999,36.07,32.228607,8831800,35.82
7/24/2017,35.990002,36.09,35.720001,35.82,32.005234,11699800,35.57
7/25/2017,35.939999,36.169998,35.5,35.57,31.781864,14540100,35.619999
7/26/2017,35.549999,35.91,35.400002,35.619999,31.826538,10814200,35.939999
7/27/2017,35.52,35.990002,35.380001,35.939999,32.112453,10006500,35.77
7/28/2017,35.82,35.869999,35.48,35.77,31.960562,7531900,35.98
7/31/2017,35.82,36.299999,35.790001,35.98,32.148197,13855500,34.759998
8/1/2017,35.810001,35.98,34.59,34.759998,31.058119,21582800,34.82
8/2/2017,34.639999,34.990002,34.619999,34.82,31.111736,9325600,34.77
8/3/2017,34.919998,35.189999,34.75,34.77,31.067057,10367600,35.27
8/4/2017,34.970001,35.450001,34.759998,35.27,31.513815,9160800,35.299999
8/7/2017,35.16,35.400002,35.119999,35.299999,31.540609,8255000,35.389999
8/8/2017,35.299999,35.830002,35.23,35.389999,31.621029,9024200,35.279999
8/9/2017,35.150002,35.439999,35.07,35.279999,31.522741,8260500,34.880001
8/10/2017,35.200001,35.299999,34.869999,34.880001,31.16535,9628300,34.93
8/11/2017,34.970001,35.209999,34.860001,34.93,31.210016,6821400,35.470001
8/14/2017,35.16,35.560001,35.049999,35.470001,31.692511,7366800,35.540001
8/15/2017,35.560001,35.860001,35.419998,35.540001,31.755053,6017100,35.75
8/16/2017,35.650002,35.77,35.52,35.75,31.94269,6927300,35
8/17/2017,35.610001,35.66,34.970001,35,31.272558,7274700,34.830002
8/18/2017,34.900002,35.060001,34.610001,34.830002,31.120665,7193500,34.91
8/21/2017,34.900002,35.060001,34.779999,34.91,31.19215,6010400,35.299999
8/22/2017,35,35.419998,34.970001,35.299999,31.540609,7815100,35.490002
8/23/2017,35.27,35.66,35.119999,35.490002,31.710386,6430500,35.52
8/24/2017,35.639999,35.73,35.450001,35.52,31.737188,4955500,35.599998
8/25/2017,35.540001,35.880001,35.540001,35.599998,31.808662,6685100,35.509998
8/28/2017,35.68,35.779999,35.299999,35.509998,31.728241,8008800,35.52
8/29/2017,35.349998,35.549999,35.209999,35.52,31.737188,5520400,35.82
8/30/2017,35.540001,35.84,35.41,35.82,32.005234,7263800,36.540001
8/31/2017,35.900002,36.740002,35.900002,36.540001,32.648556,13597800,37.360001
9/1/2017,36.73,37.75,36.650002,37.360001,33.381229,17975000,37.23
9/5/2017,37.290001,37.43,36.869999,37.23,33.265076,12714800,37.669998
9/6/2017,37.509998,37.740002,37.330002,37.669998,33.658211,12359100,36.91
9/7/2017,37.400002,37.43,36.700001,36.91,33.315228,14327500,37
9/8/2017,36.799999,37.040001,36.619999,37,33.396461,8180900,37.349998
9/11/2017,37.110001,37.48,37.040001,37.349998,33.712364,13499800,37.889999
9/12/2017,37.41,38,37.349998,37.889999,34.199776,10805300,38.209999
9/13/2017,37.880001,38.279999,37.82,38.209999,34.488609,10644000,38.790001
9/14/2017,38.189999,39.18,38.110001,38.790001,35.012127,17528600,38.880001
9/15/2017,38.740002,39.029999,38.639999,38.880001,35.093361,25353900,38.59
9/18/2017,38.900002,38.98,38.549999,38.59,34.8316,12361100,38.700001
9/19/2017,38.540001,38.869999,38.540001,38.700001,34.930889,11546000,38.880001
9/20/2017,38.860001,39,38.689999,38.880001,35.093361,17188300,39.099998
9/21/2017,38.860001,39.240002,38.860001,39.099998,35.291939,14046500,39.419998
9/22/2017,39.299999,39.540001,39.18,39.419998,35.580761,12670600,40.299999
9/25/2017,40.189999,40.639999,40,40.299999,36.375061,21544400,40.259998
9/26/2017,40.330002,40.619999,40.18,40.259998,36.338951,14256600,40.580002
9/27/2017,40.310001,40.689999,40.16,40.580002,36.627792,9750700,40.580002
9/28/2017,40.48,40.580002,40.369999,40.580002,36.627792,9646200,40.380001
9/29/2017,40.560001,40.669998,40.27,40.380001,36.447269,8919400,42.150002
10/2/2017,41.009998,42.48,40.799999,42.150002,38.044888,33817400,43.450001
10/3/2017,43.119999,43.700001,43,43.450001,39.218273,31058300,43.779999
10/4/2017,43.349998,43.939999,43.200001,43.779999,39.516136,13458700,43.849998
10/5/2017,43.900002,44.080002,43.68,43.849998,39.579311,16661400,44.93
10/6/2017,44.040001,45.169998,44,44.93,40.554131,21024600,45.330002
10/9/2017,45.029999,45.43,44.93,45.330002,40.915176,10932400,45.209999
10/10/2017,45.290001,45.400002,44.860001,45.209999,40.806862,14029200,45.470001
10/11/2017,45.299999,45.59,45.080002,45.470001,41.041538,13353900,44.889999
10/12/2017,44.970001,45.43,44.150002,44.889999,40.518021,15665100,45.880001
10/13/2017,45.279999,46.110001,45,45.880001,41.41161,13932100,45.759998
10/16/2017,45.77,45.860001,45.349998,45.759998,41.303291,8861500,45.02
10/17/2017,45.799999,46.060001,44.959999,45.02,40.635368,14700500,45.119999
10/18/2017,45.279999,45.59,45.029999,45.119999,40.725624,10883700,45.349998
10/19/2017,44.75,45.400002,44.560001,45.349998,40.933224,13051600,45.610001
10/20/2017,45.5,45.73,45.139999,45.610001,41.167904,12203200,45.150002
10/23/2017,45.540001,45.810001,45.150002,45.150002,40.752708,10780800,46.48
10/24/2017,45.91,46.759998,45.720001,46.48,41.953167,27909100,45.119999
10/25/2017,45.700001,45.970001,44.77,45.119999,40.725624,18062600,45.25
10/26/2017,45.189999,45.639999,45.099998,45.25,40.842964,9650200,44.639999
10/27/2017,45.139999,45.169998,44.099998,44.639999,40.29237,11875000,43.369999
10/30/2017,43.040001,43.810001,42.259998,43.369999,39.146061,23791100,42.98
10/31/2017,43.23,43.669998,42.959999,42.98,38.794048,13239000,43.130001
11/1/2017,42.720001,43.369999,41.900002,43.130001,38.92944,14701300,42.599998
11/2/2017,43.299999,43.299999,42.459999,42.599998,38.451054,12006300,42.34
11/3/2017,42.599998,42.73,42.189999,42.34,38.216377,9848700,42.139999
11/6/2017,42.299999,42.360001,41.349998,42.139999,38.035854,14173700,41.700001
11/7/2017,42.150002,42.41,41.59,41.700001,37.638714,8881300,42.110001
11/8/2017,41.860001,42.119999,41.529999,42.110001,38.008778,14221600,42.110001
11/9/2017,42.040001,42.16,41.619999,42.110001,38.008778,8897200,42.66
11/10/2017,42.139999,43,42.060001,42.66,38.505207,14102100,43.57
11/13/2017,42.599998,43.630001,42.549999,43.57,39.326584,11731100,43
11/14/2017,43.150002,43.450001,42.740002,43,38.812103,9433400,42.860001
11/15/2017,42.73,43.040001,42.099998,42.860001,38.685734,13620000,43.599998
11/16/2017,43.040001,43.630001,42.799999,43.599998,39.353661,11247400,43.880001
11/17/2017,43.529999,44.139999,43.490002,43.880001,39.606396,10594200,44.880001
11/20/2017,44.48,45.09,44.259998,44.880001,40.508999,15132200,44.970001
11/21/2017,45.07,45.18,44.66,44.970001,40.590233,12011200,44.290001
11/22/2017,44.889999,44.950001,44.209999,44.290001,39.976463,9836900,44.459999
11/24/2017,44.450001,44.540001,44.240002,44.459999,40.129906,3805900,44.169998
11/27/2017,44.470001,44.490002,43.880001,44.169998,39.868149,8652600,44.919998
11/28/2017,44.349998,45.080002,44.139999,44.919998,40.545101,15933300,43.810001
11/29/2017,45.099998,45.349998,43.790001,43.810001,39.543209,19442900,43.09
11/30/2017,44,44.529999,42.700001,43.09,38.893333,32515100,42.790001
12/1/2017,43.189999,43.25,41.869999,42.790001,38.622547,19324700,43.049999
12/4/2017,43.200001,43.419998,42.919998,43.049999,38.857227,14024600,42.799999
12/5/2017,43.009998,43.060001,42.52,42.799999,38.631577,11303900,42.150002
12/6/2017,42.57,42.689999,42.139999,42.150002,38.044888,12868500,42.02
12/7/2017,42.259998,42.389999,41.540001,42.02,38.272587,16450000,42.02
12/8/2017,41.990002,42.299999,41.84,42.02,38.272587,13658700,41.669998
12/11/2017,41.880001,41.93,41.560001,41.669998,37.9538,14112500,41.529999
12/12/2017,41.650002,41.77,41.259998,41.529999,37.826283,8853100,41.400002
12/13/2017,41.540001,41.91,41.389999,41.400002,37.707878,9969200,40.810001
12/14/2017,41.380001,41.439999,40.700001,40.810001,37.170498,9276400,40.950001
12/15/2017,40.919998,41.330002,40.919998,40.950001,37.298019,24491700,42.150002
12/18/2017,41.27,42.32,41.25,42.150002,38.390999,22135100,42.490002
12/19/2017,42.709999,42.799999,42.439999,42.490002,38.700676,13259200,42.52
12/20/2017,42.740002,42.779999,42.389999,42.52,38.728004,8636700,42.16
12/21/2017,42.580002,42.75,42.130001,42.16,38.400105,10144700,42.02
12/22/2017,42.299999,42.310001,41.810001,42.02,38.272587,4907100,41.799999
12/26/2017,41.860001,42.09,41.630001,41.799999,38.072212,3368900,41.310001
12/27/2017,41.759998,41.849998,41.299999,41.310001,37.625912,4933600,41.380001
12/28/2017,41.34,41.439999,41.200001,41.380001,37.689667,5005300,40.990002
12/29/2017,41.52,41.59,40.990002,40.990002,37.33445,6581400,41.799999
1/2/2018,41.240002,41.869999,41.150002,41.799999,38.072212,6934600,42.82
1/3/2018,42.209999,42.950001,42.200001,42.82,39.001244,14591600,44.139999
1/4/2018,43.09,44.25,43.009998,44.139999,40.203526,17298700,44.009998
1/5/2018,44.5,44.639999,43.959999,44.009998,40.085114,9643300,44.220001
1/8/2018,44.040001,44.59,43.52,44.220001,40.27639,13099600,44.049999
1/9/2018,44.310001,44.59,43.740002,44.049999,40.121544,7768100,43
1/10/2018,43.84,44.139999,42.610001,43,39.165192,18281500,44.189999
1/11/2018,43.279999,44.27,43.16,44.189999,40.249065,11245800,44.07
1/12/2018,44.150002,44.700001,43.66,44.07,40.139767,14914600,44.189999
1/16/2018,45.099998,45.52,43.75,44.189999,40.249065,20169300,44.029999
1/17/2018,44.009998,44.27,43.400002,44.029999,40.103336,15855700,43.860001
1/18/2018,44.18,44.189999,43.639999,43.860001,39.948494,11868100,43.150002
1/19/2018,44.049999,44.09,43.040001,43.150002,39.301815,14470800,43.290001
1/22/2018,43.16,43.419998,42.82,43.290001,39.429329,19562100,43.380001
1/23/2018,43.34,43.439999,42.91,43.380001,39.511299,14127600,44.16
1/24/2018,43.5,44.400002,43.450001,44.16,40.221741,11321700,43.16
1/25/2018,44.459999,44.48,42.98,43.16,39.310921,11386000,43.490002
1/26/2018,43.32,43.57,42.990002,43.490002,39.611496,9131200,43.02
1/29/2018,43.470001,43.779999,42.98,43.02,39.183407,8177500,42.700001
1/30/2018,42.830002,43.220001,42.52,42.700001,38.891941,8459700,42.41
1/31/2018,42.779999,42.950001,42.139999,42.41,38.627808,19781200,42.43
2/1/2018,42.119999,42.599998,41.950001,42.43,38.646023,9629800,41
2/2/2018,42.220001,42.27,40.849998,41,37.343552,13982100,39.540001
2/5/2018,40.98,41.669998,39.509998,39.540001,36.013763,19660600,41.860001
2/6/2018,40.060001,42.23,40,41.860001,38.126858,26988300,42.389999
2/7/2018,41.799999,43.560001,41.650002,42.389999,38.609589,19402900,40.75
2/8/2018,42.459999,42.709999,40.740002,40.75,37.115849,18035400,41.459999
2/9/2018,41.16,41.970001,40.23,41.459999,37.762527,19598000,42
2/12/2018,41.950001,42.619999,41.610001,42,38.254375,19392000,41.400002
2/13/2018,41.700001,42.07,41.369999,41.400002,37.707878,8937200,41.810001
2/14/2018,41.029999,41.91,40.93,41.810001,38.081322,10271600,41.849998
2/15/2018,42.060001,42.209999,41.400002,41.849998,38.117744,9715800,41.09
2/16/2018,41.849998,42.279999,41,41.09,37.425522,14871800,40.77
2/20/2018,40.900002,41.330002,40.59,40.77,37.134071,7814600,40.560001
2/21/2018,40.75,41.299999,40.509998,40.560001,36.942799,9098500,40.91
2/22/2018,40.66,41.200001,40.5,40.91,37.261574,8805900,40.91
2/23/2018,41.049999,41.139999,40.580002,40.91,37.261574,6424200,41.540001
2/26/2018,41.080002,41.619999,40.75,41.540001,37.8354,9397100,40.169998
2/27/2018,41.490002,41.540001,40.119999,40.169998,36.587574,12738800,39.349998
2/28/2018,39.619999,40.150002,39.32,39.349998,35.840702,23145200,37.790001
3/1/2018,39.59,39.59,37.41,37.790001,34.419827,26183100,37.43
3/2/2018,37.470001,37.610001,36.59,37.43,34.09193,24060500,37.740002
3/5/2018,37.330002,37.900002,37.110001,37.740002,34.374287,12011100,37.93
3/6/2018,38.02,38.080002,37.540001,37.93,34.547344,12168500,37.740002
3/7/2018,37.389999,37.84,37.25,37.740002,34.374287,15052000,37.84
3/8/2018,37.639999,37.93,37.220001,37.84,34.815926,13096700,37.84
3/9/2018,37.849998,38.080002,37.66,37.84,34.815926,12272200,37.830002
3/12/2018,37.869999,37.990002,37.580002,37.830002,34.806732,11347200,38.009998
3/13/2018,37.970001,38.540001,37.869999,38.009998,34.972336,12406400,37.689999
3/14/2018,38.48,38.610001,37.650002,37.689999,34.67791,13364000,37.849998
3/15/2018,37.970001,37.990002,37.59,37.849998,34.82513,8140100,37.939999
3/16/2018,37.919998,38.150002,37.689999,37.939999,34.907928,10305000,37.009998
3/19/2018,37.93,37.98,36.540001,37.009998,34.052254,12103100,36.889999
3/20/2018,37.130001,37.259998,36.740002,36.889999,33.941849,8494800,37.580002
3/21/2018,37.16,38.02,37.099998,37.580002,34.576706,11568400,36.349998
3/22/2018,37.23,37.330002,36.27,36.349998,33.445004,15155000,35.169998
3/23/2018,36.419998,36.560001,35.130001,35.169998,32.359303,13234000,35.990002
3/26/2018,35.939999,36.049999,35.279999,35.990002,33.11377,9320200,34.869999
3/27/2018,36.02,36.029999,34.5,34.869999,32.083282,17673300,35.470001
3/28/2018,35.009998,35.790001,34.900002,35.470001,32.63533,17905700,36.34
3/29/2018,35.830002,36.529999,35.689999,36.34,33.435806,13049800,35.759998
4/2/2018,36.099998,36.259998,35.23,35.759998,32.902153,13909100,36.939999
4/3/2018,36.799999,37.349998,36.389999,36.939999,33.98785,15833300,38.029999
4/4/2018,36.009998,38.130001,35.950001,38.029999,34.990742,17014100,38
4/5/2018,38.25,38.48,37.889999,38,34.963139,11885400,37.68
4/6/2018,37.959999,38.16,37.200001,37.68,34.668713,14731500,37.830002
4/9/2018,38.279999,38.5,37.810001,37.830002,34.806732,13430900,39.07
4/10/2018,38.599998,39.349998,38.389999,39.07,35.947628,15180100,39
4/11/2018,38.720001,39.290001,38.490002,39,35.883221,8388900,38.830002
4/12/2018,39.27,39.490002,38.77,38.830002,35.726807,7896400,38.73
4/13/2018,39.119999,39.380001,38.57,38.73,35.634796,6118600,39.169998
4/16/2018,38.970001,39.419998,38.669998,39.169998,36.039635,5064900,39.220001
4/17/2018,39.639999,39.650002,39.080002,39.220001,36.085644,5460700,38.93
4/18/2018,39.240002,39.669998,38.900002,38.93,35.81881,6095400,37.77
4/19/2018,38.709999,38.91,37.419998,37.77,34.751522,10230000,37.610001
4/20/2018,37.75,38.009998,37.349998,37.610001,34.604309,8698500,37.689999
4/23/2018,37.490002,37.959999,37.43,37.689999,34.67791,7308600,37.93
4/24/2018,37.93,38.169998,37.540001,37.93,34.898735,9285800,38.110001
4/25/2018,37.73,38.200001,37.5,38.110001,35.064354,7982700,38.25
4/26/2018,37.59,38.279999,36.830002,38.25,35.193161,16562400,37.650002
4/27/2018,38.16,38.209999,37.490002,37.650002,34.641113,8660400,36.740002
4/30/2018,37.880001,38.07,36.740002,36.740002,33.803837,11967300,36.419998
5/1/2018,36.759998,36.959999,35.889999,36.419998,33.509411,11381200,36.200001
5/2/2018,36.48,36.700001,36.150002,36.200001,33.306995,9440700,36.150002
5/3/2018,35.990002,36.169998,35.279999,36.150002,33.26099,15742600,36.709999
5/4/2018,36.150002,36.779999,35.869999,36.709999,33.776226,6639000,36.34
5/7/2018,36.630001,36.77,36.279999,36.34,33.435806,9197400,36.330002
5/8/2018,36.380001,36.610001,36.110001,36.330002,33.426601,8364400,36.27
5/9/2018,36.389999,36.740002,35.970001,36.27,33.371399,7609500,37.16
5/10/2018,36.459999,37.220001,36.450001,37.16,34.190273,6814700,36.889999
5/11/2018,37.110001,37.25,36.779999,36.889999,33.941849,4856700,36.630001
5/14/2018,37.060001,37.07,36.560001,36.630001,33.702629,6393300,36.939999
5/15/2018,36.400002,36.959999,36.400002,36.939999,33.98785,6506900,38.029999
5/16/2018,36.970001,38.040001,36.970001,38.029999,34.990742,8193900,38.299999
5/17/2018,37.970001,38.48,37.75,38.299999,35.239166,9572700,37.790001
5/18/2018,38.27,38.400002,37.720001,37.790001,34.76992,5576300,38.09
5/21/2018,38.16,38.34,37.98,38.09,35.045956,6227700,38.279999
5/22/2018,38.580002,38.77,38.259998,38.279999,35.22076,6990400,37.849998
5/23/2018,38.18,38.189999,37.459999,37.849998,34.82513,8794300,38.389999
5/24/2018,38,38.59,37.900002,38.389999,35.321972,8466100,38.299999
5/25/2018,38.25,38.400002,38.110001,38.299999,35.239166,5247300,37.380001
5/29/2018,38.009998,38.049999,37.27,37.380001,34.392693,12342600,37.830002
5/30/2018,37.5,37.869999,37.48,37.830002,34.806732,11821600,42.700001
5/31/2018,41.650002,42.77,41.27,42.700001,39.287521,59937500,43.200001
6/1/2018,42.98,43.32,42.330002,43.200001,39.74757,24461800,43.779999
6/4/2018,43.240002,43.849998,43.16,43.779999,40.281219,12939000,43.41
6/5/2018,43.610001,43.77,43.349998,43.41,39.940784,12018500,43.93
6/6/2018,43.66,44,43.360001,43.93,40.419224,18026100,44.009998
6/7/2018,43.509998,44.369999,43.509998,44.009998,40.846157,15330900,44.25
6/8/2018,43.98,44.330002,43.919998,44.25,41.068909,8549300,44.849998
6/11/2018,44.299999,44.889999,44.290001,44.849998,41.625774,14061400,44.18
6/12/2018,44.860001,44.950001,44.16,44.18,41.003941,9933200,44.450001
6/13/2018,44.119999,44.459999,43.830002,44.450001,41.254528,11233100,43.57
6/14/2018,44.389999,44.400002,43.419998,43.57,40.43779,10109200,43.91
6/15/2018,43.279999,45,42.759998,43.91,40.753349,23838500,43.950001
6/18/2018,43.599998,44.139999,43.369999,43.950001,40.790478,10806700,42.259998
6/19/2018,43.07,43.189999,41.880001,42.259998,39.221966,18272900,41.950001
6/20/2018,42.57,42.830002,41.790001,41.950001,38.934254,9536100,41.119999
6/21/2018,41.139999,41.84,40.810001,41.119999,38.163921,13913300,41.25
6/22/2018,41.41,41.75,40.939999,41.25,38.284573,9336700,40.610001
6/25/2018,41,41.200001,40.209999,40.610001,37.690582,10614800,41.009998
6/26/2018,40.549999,41.32,40.490002,41.009998,38.061829,12818900,40.369999
6/27/2018,41,41.32,40.349998,40.369999,37.467834,9542900,40.52
6/28/2018,40.450001,40.669998,39.66,40.52,37.607052,10173900,39.400002
6/29/2018,40.669998,40.799999,39.369999,39.400002,36.567577,14054900,39.5
7/2/2018,39.080002,39.560001,38.75,39.5,36.660381,8608100,38.970001
7/3/2018,39.709999,39.82,38.919998,38.970001,36.168484,4975800,39.470001
7/5/2018,39.610001,40,39.209999,39.470001,36.632538,8351400,39.16
7/6/2018,39.380001,39.450001,38.700001,39.16,36.344818,7897100,39.75
7/9/2018,39.380001,40,39.049999,39.75,36.89241,8149000,40.09
7/10/2018,39.84,40.310001,39.599998,40.09,37.20797,10140100,39.299999
7/11/2018,39.5,39.689999,39.18,39.299999,36.474751,8840000,39.27
7/12/2018,39.599998,39.639999,39.009998,39.27,36.446915,8250300,39.360001
7/13/2018,39.110001,39.41,38.93,39.360001,36.530441,5144500,39.560001
7/16/2018,39.310001,39.599998,39.169998,39.560001,36.716072,7466400,40.029999
7/17/2018,39.5,40.5,39.490002,40.029999,37.152275,8806100,39.869999
7/18/2018,40.060001,40.290001,39.560001,39.869999,37.00378,9180900,39.310001
7/19/2018,39.580002,39.810001,39.18,39.310001,36.484043,6778700,39.400002
7/20/2018,39.07,39.419998,38.860001,39.400002,36.567577,10949600,39.27
7/23/2018,39.200001,39.380001,38.950001,39.27,36.446915,7687700,39.48
7/24/2018,39.869999,39.98,39.259998,39.48,36.641815,10760100,37.650002
7/25/2018,37.450001,37.900002,36.259998,37.650002,34.943378,42672300,36.75
7/26/2018,37.07,37.549999,36.599998,36.75,34.10807,16719400,37.529999
7/27/2018,36.830002,37.639999,36.77,37.529999,34.832001,12629300,37.669998
7/30/2018,37.66,38.099998,37.450001,37.669998,34.961933,9460600,37.91
7/31/2018,37.790001,38.189999,37.700001,37.91,35.184685,16479300,37.139999
8/1/2018,37.889999,37.889999,36.880001,37.139999,34.470036,11179700,36.619999
8/2/2018,37,37.049999,36.349998,36.619999,33.987419,13066100,37.73
8/3/2018,36.650002,37.77,36.650002,37.73,35.017624,9374800,37.599998
8/6/2018,37.57,37.689999,37.349998,37.599998,34.896969,5266800,37.580002
8/7/2018,37.700001,37.869999,37.5,37.580002,34.878407,7652100,37.66
8/8/2018,37.610001,37.93,37.279999,37.66,34.952652,6759900,37.509998
8/9/2018,37.669998,38.32,37.32,37.509998,34.813438,12413800,36.59
8/10/2018,37.32,37.360001,36.470001,36.59,33.959576,9325800,36.16
8/13/2018,36.59,36.669998,35.869999,36.16,33.56049,15573600,36.200001
8/14/2018,36.25,36.540001,36.169998,36.200001,33.597614,7326100,35.939999
8/15/2018,35.82,35.950001,35.209999,35.939999,33.356304,10720400,36.290001
8/16/2018,36.18,36.68,36.07,36.290001,33.681141,9413800,36.380001
8/17/2018,36.080002,36.57,35.91,36.380001,33.764675,7796700,36.77
8/20/2018,36.630001,36.950001,36.360001,36.77,34.126637,7072800,36.91
8/21/2018,36.75,37.07,36.740002,36.91,34.256573,10048500,36.130001
8/22/2018,36.599998,36.720001,36.099998,36.130001,33.532646,8871200,35.669998
8/23/2018,35.950001,36.169998,35.630001,35.669998,33.105713,8742400,35.950001
8/24/2018,35.950001,36.099998,35.759998,35.950001,33.365585,7278000,37.689999
8/27/2018,36.290001,37.779999,36.23,37.689999,34.980503,17968000,37.32
8/28/2018,37.849998,37.860001,36.919998,37.32,34.637096,9638800,37.119999
8/29/2018,37.389999,37.419998,36.880001,37.119999,34.451477,7223400,36.360001
8/30/2018,37,37.060001,36.189999,36.360001,33.746113,9765400,36.049999
8/31/2018,36.200001,36.299999,35.779999,36.049999,33.458393,13713300,35.599998
9/4/2018,36,36,35.32,35.599998,33.040745,12821600,35.290001
9/5/2018,35.599998,35.599998,35.049999,35.290001,32.753033,12763700,34.380001
9/6/2018,35,35.27,34.380001,34.380001,32.255783,12913600,33.91
9/7/2018,34.349998,34.360001,33.610001,33.91,31.814821,13209300,33.869999
9/10/2018,33.919998,34.25,33.830002,33.869999,31.777292,10682100,33.77
9/11/2018,33.919998,33.959999,33.439999,33.77,31.683474,8521300,34.060001
9/12/2018,33.700001,34.490002,33.700001,34.060001,31.955553,9342300,34.25
9/13/2018,34.259998,34.48,33.900002,34.25,32.133812,14848700,34.630001
9/14/2018,34.470001,34.75,34.330002,34.630001,32.490337,13652800,35.02
9/17/2018,34.5,35.220001,34.41,35.02,32.856239,10905300,35.099998
9/18/2018,35.169998,35.23,34.59,35.099998,32.931293,8868100,35.73
9/19/2018,35.360001,35.939999,35.299999,35.73,33.522366,10938200,36.080002
9/20/2018,35.91,36.450001,35.740002,36.080002,33.850746,11394200,35.32
9/21/2018,36.310001,36.490002,35.16,35.32,33.137703,27172000,34.75
9/24/2018,35.040001,35.380001,34.450001,34.75,32.602917,9971000,33.549999
9/25/2018,34.48,34.68,33.5,33.549999,31.477062,14805300,33.73
9/26/2018,33.490002,34,33.349998,33.73,31.645945,18074500,33.669998
9/27/2018,33.509998,33.75,33.279999,33.669998,31.589645,11659300,33.669998
9/28/2018,33.57,33.689999,33.290001,33.669998,31.589645,8836700,34.200001
10/1/2018,34.299999,34.540001,33.990002,34.200001,32.086903,13737600,33.299999
10/2/2018,33.950001,34.34,33.200001,33.299999,31.242508,22731200,34
10/3/2018,35.02,35.049999,33.77,34,31.89926,28301800,34.25
10/4/2018,34.110001,34.66,33.950001,34.25,32.133812,18912600,34.119999
10/5/2018,34.41,34.509998,33.970001,34.119999,32.011845,10748600,34.25
10/8/2018,33.82,34.27,33.75,34.25,32.133812,8405600,32.650002
10/9/2018,34,34,32.59,32.650002,30.632673,19919900,32.599998
10/10/2018,32.599998,32.959999,32.119999,32.599998,30.58576,17224300,32.310001
10/11/2018,32.610001,33.5,32.189999,32.310001,30.313681,18015300,31.790001
10/12/2018,32.740002,32.740002,31.49,31.790001,29.825809,14950700,32.119999
10/15/2018,31.690001,32.450001,31.67,32.119999,30.135416,13621000,32.34
10/16/2018,32.459999,32.540001,31.860001,32.34,30.341825,11876700,31.93
10/17/2018,32.060001,32.290001,31.58,31.93,29.957159,9099000,31.08
10/18/2018,31.709999,31.809999,30.969999,31.08,29.159676,14349100,31.200001
10/19/2018,30.719999,31.469999,30.57,31.200001,29.272261,12754600,31.34
10/22/2018,31.450001,31.59,31.030001,31.34,29.403612,11052900,32.119999
10/23/2018,30.940001,32.400002,30.889999,32.119999,30.135416,16580800,30.559999
10/24/2018,31.790001,32.060001,30.559999,30.559999,28.671804,18781400,32
10/25/2018,31.190001,32.200001,31.07,32,30.022833,16763600,32.650002
10/26/2018,31.68,32.880001,31.629999,32.650002,30.632673,18038600,33.130001
10/29/2018,34.110001,34.299999,32.73,33.130001,31.083014,19548100,33.540001
10/30/2018,33.18,33.919998,33.02,33.540001,31.467682,16287500,36.59
10/31/2018,35.970001,37.049999,35.400002,36.59,34.329227,37775200,36.470001
11/1/2018,36.240002,36.689999,35.700001,36.470001,34.216648,15233200,36.029999
11/2/2018,36.799999,37.279999,35.560001,36.029999,33.803833,13268200,36.25
11/5/2018,36,36.389999,35.849998,36.25,34.010242,11477100,36.459999
11/6/2018,36.18,36.560001,36.09,36.459999,34.207264,11187700,36.880001
11/7/2018,36.73,37,36.369999,36.880001,34.601311,9457800,36.57
11/8/2018,36.41,36.889999,36.290001,36.57,34.310467,10807900,35.700001
11/9/2018,36.119999,36.439999,35.349998,35.700001,33.494221,9037500,35.689999
11/12/2018,35.639999,36.040001,35.450001,35.689999,33.484837,10062100,35.93
11/13/2018,35.919998,36.650002,35.709999,35.93,33.710018,8594000,35.23
11/14/2018,36.200001,36.32,34.98,35.23,33.053261,10883400,35.549999
11/15/2018,34.91,35.59,33.849998,35.549999,33.353493,17675600,35.75
11/16/2018,35.32,35.790001,35.02,35.75,33.541134,11681500,35.68
11/19/2018,35.75,35.970001,35.41,35.68,33.475456,11595800,35.09
11/20/2018,35.099998,35.619999,34.849998,35.09,32.921909,10332900,35.549999
11/21/2018,35.299999,35.860001,34.970001,35.549999,33.353493,6555600,35.93
11/23/2018,35.330002,36.110001,35.200001,35.93,33.710018,4231400,37.650002
11/26/2018,36.139999,38.75,36.049999,37.650002,35.323738,30361800,36.689999
11/27/2018,37.27,37.549999,36.209999,36.689999,34.423054,25559100,36.950001
11/28/2018,36.759998,37,35.939999,36.950001,34.666992,12439900,36.759998
11/29/2018,36.790001,36.959999,36.299999,36.759998,34.488728,8251200,37.950001
11/30/2018,36.740002,38,36.66,37.950001,35.605202,18108900,38.450001
12/3/2018,39,39.610001,38.369999,38.450001,36.07431,17168900,36.52
12/4/2018,38.220001,38.299999,36.5,36.52,34.263557,14234700,35.700001
12/6/2018,35.740002,35.75,34.91,35.700001,33.846405,14533700,34.689999
12/7/2018,35.439999,35.93,34.549999,34.689999,32.888844,9236700,34.419998
12/10/2018,34.549999,34.779999,33.459999,34.419998,32.632858,12320000,34.689999
12/11/2018,35.549999,35.75,34.650002,34.689999,32.888844,12531800,35.68
12/12/2018,35.23,36.040001,35.23,35.68,33.827442,10324900,35.110001
12/13/2018,35.959999,36.18,35.07,35.110001,33.287033,9001000,35.099998
12/14/2018,35,35.700001,34.849998,35.099998,33.277554,8415300,34.66
12/17/2018,34.939999,35.619999,34.459999,34.66,32.860401,10674200,34.900002
12/18/2018,35.02,35.529999,34.689999,34.900002,33.087936,8492400,34.93
12/19/2018,35.009998,36.200001,34.689999,34.93,33.116386,11882000,34.27
12/20/2018,34.93,35.349998,33.84,34.27,32.49065,14957400,32.98
12/21/2018,34.23,34.849998,32.959999,32.98,31.267626,21381100,32.369999
12/24/2018,32.650002,32.939999,32.25,32.369999,30.689297,9110200,33.52
12/26/2018,32.580002,33.529999,31.459999,33.52,31.779591,12490400,33.959999
12/27/2018,33.07,34,32.389999,33.959999,32.196747,13653000,33.919998
12/28/2018,33.950001,34.73,33.68,33.919998,32.158821,8678000,33.450001
12/31/2018,34,34.220001,32.919998,33.450001,31.713224,8455500,33.639999
1/2/2019,32.849998,33.810001,32.41,33.639999,31.89336,7662300,32.25
1/3/2019,33.34,33.68,32.200001,32.25,30.575533,11618300,33.330002
1/4/2019,32.799999,33.57,32.43,33.330002,31.599455,10784000,34.360001
1/7/2019,33.709999,34.970001,33.48,34.360001,32.575977,10722300,34.810001
1/8/2019,35,35.68,34.490002,34.810001,33.002617,10532900,35.18
1/9/2019,34.959999,35.59,34.709999,35.18,33.353401,9917600,34.73
1/10/2019,35,35.049999,34.169998,34.73,32.926765,9143700,37.18
1/11/2019,36.599998,37.970001,36.25,37.18,35.249557,32257100,37.66
1/14/2019,37.25,38,37.02,37.66,35.704636,14361100,37.549999
1/15/2019,37.84,37.84,36.799999,37.549999,35.600349,11999100,37.669998
1/16/2019,37.48,37.98,37.27,37.669998,35.714115,17427400,38.259998
1/17/2019,37.5,38.299999,37.400002,38.259998,36.273479,13060500,38.610001
1/18/2019,38.450001,38.77,37.84,38.610001,36.605312,10494100,38.150002
1/22/2019,38.279999,38.779999,37.889999,38.150002,36.169197,12134400,37.669998
1/23/2019,38.200001,38.360001,37.48,37.669998,35.714115,7752800,38.16
1/24/2019,37.759998,38.290001,37.66,38.16,36.178677,7809100,38.639999
1/25/2019,38.650002,38.830002,38.360001,38.639999,36.633751,8842600,38.459999
1/28/2019,38.23,38.599998,38.060001,38.459999,36.463097,11384400,38.470001
1/29/2019,38.310001,38.540001,38.09,38.470001,36.47258,5745200,39.09
1/30/2019,38.5,39.139999,38.119999,39.09,37.060394,11033000,39.02
1/31/2019,38.810001,39.049999,38.490002,39.02,36.994022,11219300,38.779999
2/1/2019,38.91,39.150002,38.52,38.779999,36.766479,8040300,38.93
2/4/2019,38.650002,38.939999,38.349998,38.93,36.908699,9960000,39.299999
2/5/2019,39.080002,39.360001,38.73,39.299999,37.259487,12158000,39.91
2/6/2019,40.169998,40.740002,39.529999,39.91,37.837807,16883000,38.650002
2/7/2019,39.23,39.41,38.34,38.650002,36.643238,15800700,38.700001
2/8/2019,38.5,38.709999,38.009998,38.700001,36.690636,8111500,38.630001
2/11/2019,38.310001,38.689999,38.220001,38.630001,36.624275,9364900,39.029999
2/12/2019,38.799999,39.32,38.799999,39.029999,37.003498,9725800,39
2/13/2019,39.279999,39.389999,38.82,39,36.97506,6735900,38.889999
2/14/2019,38.810001,39.09,38.709999,38.889999,36.870773,7050500,39.09
2/15/2019,39.060001,39.189999,38.740002,39.09,37.060394,8582300,39.529999
2/19/2019,38.98,39.68,38.91,39.529999,37.477543,9122200,39.950001
2/20/2019,39.639999,40.099998,39.52,39.950001,37.875732,9794800,39.619999
2/21/2019,40,40.200001,39.540001,39.619999,37.56287,7436000,39.990002
2/22/2019,39.84,40.009998,39.439999,39.990002,37.913658,6742300,40.139999
2/25/2019,40.25,40.459999,40.09,40.139999,38.05587,9252300,40.110001
2/26/2019,39.91,40.360001,39.830002,40.110001,38.027428,7611600,40
2/27/2019,40.09,40.16,39.779999,40,37.923141,8671900,39.48
2/28/2019,39.82,39.91,39.200001,39.48,37.430138,9053400,39.529999
3/1/2019,39.849998,39.970001,39.049999,39.529999,37.477543,7706200,39.25
3/4/2019,39.700001,41.5,39.029999,39.25,37.212078,7524500,39.279999
3/5/2019,39.279999,39.419998,39.02,39.279999,37.240524,4866200,38.669998
3/6/2019,39.240002,39.290001,38.490002,38.669998,36.662193,9413300,38.040001
3/7/2019,38.099998,38.34,37.639999,38.040001,36.422825,8999800,37.990002
3/8/2019,37.630001,38.040001,37.5,37.990002,36.37495,6911000,38.619999
3/11/2019,38.080002,38.790001,38,38.619999,36.978168,12218800,38.619999
3/12/2019,38.700001,39.029999,38.5,38.619999,36.978168,6633600,38.799999
3/13/2019,38.740002,39.029999,38.599998,38.799999,37.150509,7334100,38.029999
3/14/2019,38.759998,38.82,37.939999,38.029999,36.413246,8692900,38.07
3/15/2019,38.040001,38.290001,37.880001,38.07,36.451546,16854700,37.98
3/18/2019,38.18,38.240002,37.619999,37.98,36.365376,7583800,38.27
3/19/2019,38.310001,38.75,38.040001,38.27,36.643047,9003300,37
3/20/2019,37.740002,37.939999,36.779999,37,35.427036,11680000,37.349998
3/21/2019,37,37.380001,36.779999,37.349998,35.762154,8168100,36.439999
3/22/2019,37.09,37.299999,36.279999,36.439999,34.890846,10049500,36.75
3/25/2019,36.48,37.029999,36.259998,36.75,35.18766,6922200,36.869999
3/26/2019,36.93,36.98,36.560001,36.869999,35.302563,6867200,36.610001
3/27/2019,36.919998,37.240002,36.470001,36.610001,35.053616,7006500,37.060001
3/28/2019,36.700001,37.23,36.66,37.060001,35.484489,5591300,37.099998
3/29/2019,37.310001,37.400002,36.919998,37.099998,35.522785,9432600,37.759998
4/1/2019,37.400002,37.82,37.330002,37.759998,36.154728,7145600,37.810001
4/2/2019,37.830002,38.009998,37.610001,37.810001,36.202602,5667100,38.389999
4/3/2019,38.25,38.639999,38.23,38.389999,36.757942,8815300,38.790001
4/4/2019,38.400002,38.939999,38.389999,38.790001,37.140938,7116100,38.939999
4/5/2019,38.849998,39.009998,38.580002,38.939999,37.284561,4497800,39.060001
4/8/2019,38.77,39.09,38.759998,39.060001,37.399464,5992400,38.860001
4/9/2019,38.849998,39.080002,38.700001,38.860001,37.207966,6528900,39.25
4/10/2019,38.889999,39.419998,38.779999,39.25,37.581383,5471100,39.330002
4/11/2019,39.380001,39.59,39.130001,39.330002,37.657982,4581500,39.709999
4/12/2019,39.599998,40.049999,39.529999,39.709999,38.021824,4949700,39.57
4/15/2019,39.900002,40.009998,39.349998,39.57,37.887779,5179400,39.66
4/16/2019,39.560001,39.91,39.459999,39.66,37.973953,5985300,39.990002
4/17/2019,40.099998,40.259998,39.880001,39.990002,38.289925,8643500,40.299999
4/18/2019,40,40.450001,39.98,40.299999,38.586742,10678000,39.5
4/22/2019,40,40.099998,39.490002,39.5,37.820755,7203800,39.830002
4/23/2019,39.400002,39.84,39.18,39.830002,38.13673,9507500,39.720001
4/24/2019,39.509998,39.889999,39.369999,39.720001,38.031403,5564700,39.110001
4/25/2019,39.52,39.720001,38.950001,39.110001,37.447334,8154600,39.68
4/26/2019,40.049999,40.099998,39.439999,39.68,37.993107,11830500,40.009998
4/29/2019,39.75,40.279999,39.689999,40.009998,38.309067,9601100,38.950001
4/30/2019,38.919998,39.470001,38.560001,38.950001,37.29414,16035500,38.75
5/1/2019,39,39.200001,38.66,38.75,37.102634,8843300,38.25
5/2/2019,38.459999,38.84,38.200001,38.25,36.623894,11291900,38.799999
5/3/2019,38.540001,38.900002,38.169998,38.799999,37.150509,7201000,38.09
5/6/2019,37.5,38.169998,37.25,38.09,36.470695,7506200,38.529999
5/7/2019,38.860001,38.889999,38.27,38.529999,36.891991,11257000,38.209999
5/8/2019,38.419998,38.779999,38.139999,38.209999,36.585594,7082900,37.580002
5/9/2019,37.59,37.669998,37.220001,37.580002,35.98238,8898600,37.889999
5/10/2019,37.5,37.98,37.040001,37.889999,36.279202,6440600,36.560001
5/13/2019,36.849998,37.119999,36.450001,36.560001,35.005741,19454800,37.040001
5/14/2019,36.810001,37.389999,36.68,37.040001,35.465336,6534600,37.369999
5/15/2019,36.630001,37.560001,36.48,37.369999,35.781303,8190400,37.380001
5/16/2019,37.299999,37.619999,37.130001,37.380001,35.790882,5734600,37
5/17/2019,37.009998,37.360001,36.849998,37,35.427036,7970000,36.970001
5/20/2019,36.66,37,36.639999,36.970001,35.398315,17521900,37.130001
5/21/2019,37,37.240002,36.73,37.130001,35.55151,8387600,35.549999
5/22/2019,37,37.049999,35.41,35.549999,34.038681,13264100,35.130001
5/23/2019,35.150002,35.18,34.349998,35.130001,33.636536,13746200,35.119999
5/24/2019,35.400002,35.419998,34.869999,35.119999,33.626961,5262500,34.849998
5/28/2019,35.200001,35.34,34.709999,34.849998,33.368435,7895400,34.790001
5/29/2019,34.669998,34.849998,34.32,34.790001,33.310989,12911200,34.82
5/30/2019,34.759998,35.09,34.48,34.82,33.339718,8550000,33.34
5/31/2019,33.299999,33.700001,33.150002,33.34,31.922632,15779900,33.700001
6/3/2019,33.349998,33.830002,33.080002,33.700001,32.267326,11019400,35.73
6/4/2019,34.380001,35.77,34.299999,35.73,34.211025,12875700,35.84
6/5/2019,36.040001,36.139999,35.330002,35.84,34.316353,9605600,35.189999
6/6/2019,35.09,35.439999,34.459999,35.189999,34.055058,9749200,35.490002
6/7/2019,35.310001,35.549999,35.150002,35.490002,34.345383,6561000,36.009998
6/10/2019,36.130001,36.509998,35.889999,36.009998,34.84861,8498000,36.200001
6/11/2019,36.360001,36.580002,36.099998,36.200001,35.032486,4652000,35.669998
6/12/2019,36.259998,36.259998,35.560001,35.669998,34.519577,5509500,36.02
6/13/2019,35.630001,36.049999,35.41,36.02,34.858288,3917300,35.66
6/14/2019,35.880001,35.990002,35.540001,35.66,34.509899,4953400,36.139999
6/17/2019,35.560001,36.18,35.360001,36.139999,34.974415,5454900,36.700001
6/18/2019,36.380001,36.779999,36.139999,36.700001,35.516357,8226900,36.779999
6/19/2019,37,37.470001,36.75,36.779999,35.593781,10884800,36.959999
6/20/2019,37.150002,37.310001,36.490002,36.959999,35.767975,8639700,36.919998
6/21/2019,36.959999,37.099998,36.650002,36.919998,35.729259,13004600,36.959999
6/24/2019,36.830002,37.119999,36.580002,36.959999,35.767975,7449000,37.68
6/25/2019,37.060001,37.880001,36.740002,37.68,36.464748,12930500,38.130001
6/26/2019,37.82,38.5,37.709999,38.130001,36.900238,11911400,38.32
6/27/2019,38.599998,38.990002,38.16,38.32,37.08411,8106600,38.529999
6/28/2019,38.330002,38.919998,38.330002,38.529999,37.287334,11480900,38.75
7/1/2019,38.93,38.990002,38.43,38.75,37.50024,10218000,38.34
7/2/2019,38.73,38.75,38.150002,38.34,37.103466,6679300,38.16
7/3/2019,38.5,38.689999,37.990002,38.16,36.929272,4409400,38.5
7/5/2019,38,38.52,37.740002,38.5,37.258308,4851900,38.23
7/8/2019,38.41,38.639999,38.119999,38.23,36.997013,5787300,38.080002
7/9/2019,37.970001,38.169998,37.580002,38.080002,36.851849,6204700,38.099998
7/10/2019,38.349998,38.470001,37.869999,38.099998,36.871208,5153100,38.43
7/11/2019,38.279999,38.580002,38.099998,38.43,37.190559,4598400,39.209999
7/12/2019,38.599998,39.41,38.52,39.209999,37.945404,7164700,39.360001
7/15/2019,39.209999,39.360001,38.889999,39.360001,38.090569,5448800,39.43
7/16/2019,38.990002,39.700001,38.650002,39.43,38.158314,8584800,39.16
7/17/2019,39.41,39.459999,38.82,39.16,37.897018,5727300,39.119999
7/18/2019,38.970001,39.279999,38.869999,39.119999,37.858307,5713800,39.48
7/19/2019,39.400002,39.82,39.240002,39.48,38.206699,8194500,39.860001
7/22/2019,39.959999,40.369999,39.77,39.860001,38.57444,6812800,40.709999
7/23/2019,40.349998,40.919998,40.150002,40.709999,39.397026,12584300,40.880001
7/24/2019,40.59,40.91,40.330002,40.880001,39.561546,7318200,40.75
7/25/2019,40.34,40.82,40.119999,40.75,39.435738,8304800,40.77
7/26/2019,40.720001,41,40.470001,40.77,39.455093,5705900,40.68
7/29/2019,40.709999,40.880001,40.560001,40.68,39.367996,5711200,40.43
7/30/2019,40.259998,40.560001,39.919998,40.43,39.126057,5436900,40.34
7/31/2019,40.599998,40.720001,40.110001,40.34,39.03896,10155700,40.150002
8/1/2019,41.259998,41.900002,39.669998,40.150002,38.855087,18102900,39.779999
8/2/2019,39.91,40.23,39.59,39.779999,38.497021,9144900,39.009998
8/5/2019,39.200001,39.279999,38.68,39.009998,37.75185,9478000,39.080002
8/6/2019,39.16,39.310001,38.650002,39.080002,37.819603,7104500,39.389999
8/7/2019,38.689999,39.5,38.41,39.389999,38.119598,7924700,40.099998
8/8/2019,39.5,40.200001,39.369999,40.099998,38.806702,6204200,39.610001
8/9/2019,39.759998,39.860001,39.299999,39.610001,38.332504,6125000,38.860001
8/12/2019,39.23,39.310001,38.669998,38.860001,37.606697,4130100,39.009998
8/13/2019,38.830002,39.630001,38.48,39.009998,37.75185,6318700,37.189999
8/14/2019,38.25,38.279999,37.049999,37.189999,35.990555,9878100,36.470001
8/15/2019,37.169998,37.240002,36.150002,36.470001,35.293777,7904300,37
8/16/2019,36.580002,37.099998,36.369999,37,35.806683,7171900,37.360001
8/19/2019,37.509998,37.599998,37.189999,37.360001,36.155075,3899900,36.959999
8/20/2019,37.200001,37.290001,36.919998,36.959999,35.767975,4110400,37.119999
8/21/2019,37.360001,37.360001,37.060001,37.119999,35.922806,3791800,37.259998
8/22/2019,37.25,37.509998,37.049999,37.259998,36.058296,4044300,36.060001
8/23/2019,36.610001,37.18,35.900002,36.060001,34.896999,7834100,36.25
8/26/2019,36.490002,36.610001,36.009998,36.25,35.080872,4838500,35.889999
8/27/2019,36.470001,36.580002,35.849998,35.889999,34.732479,6221600,36.439999
8/28/2019,35.700001,36.57,35.580002,36.439999,35.264744,7284600,36.91
8/29/2019,36.799999,37.02,36.73,36.91,35.719585,5123700,37.09
8/30/2019,37.25,37.34,36.91,37.09,35.89378,4599000,36.91
9/3/2019,36.889999,37.009998,36.540001,36.91,35.719585,6093900,38.240002
9/4/2019,37.310001,38.32,37.240002,38.240002,37.006691,8105700,38.73
9/5/2019,38.619999,39.540001,38.619999,38.73,37.857082,10747000,38.779999
9/6/2019,38.919998,38.93,38.52,38.779999,37.905952,5012700,39.580002
9/9/2019,39.060001,39.779999,38.950001,39.580002,38.687923,7543800,39.580002
9/10/2019,39.200001,39.68,38.84,39.580002,38.687923,7233600,39.459999
9/11/2019,39.400002,39.540001,38.860001,39.459999,38.570625,6991800,39.07
9/12/2019,39.41,39.490002,38.900002,39.07,38.189419,6982100,38.860001
9/13/2019,39.470001,39.580002,38.779999,38.860001,37.98415,10133600,37.209999
9/16/2019,37.970001,38.16,36.970001,37.209999,36.371338,15650300,38.290001
9/17/2019,37.200001,38.419998,36.849998,38.290001,37.426998,11349200,38.18
9/18/2019,38.150002,38.349998,37.919998,38.18,37.319477,5949800,37.779999
9/19/2019,38.25,38.349998,37.740002,37.779999,36.92849,4924600,37.369999
9/20/2019,38.060001,38.07,37.290001,37.369999,36.527733,18762200,37.240002
9/23/2019,36.790001,37.43,36.57,37.240002,36.400665,7044100,36.77
9/24/2019,37.34,37.490002,36.549999,36.77,35.941254,6965500,37.110001
9/25/2019,36.759998,37.25,36.439999,37.110001,36.273594,8414900,37.610001
9/26/2019,37.360001,37.889999,37.169998,37.610001,36.762325,8301200,37.419998
9/27/2019,37.84,37.970001,36.970001,37.419998,36.576607,6879500,37.48
9/30/2019,37.529999,37.580002,37.009998,37.48,36.635254,7477000,36.110001
10/1/2019,37.470001,37.48,36.029999,36.110001,35.296131,9991600,34.68
10/2/2019,35.77,35.77,34.41,34.68,33.898361,12940100,34.98
10/3/2019,34.509998,34.990002,34.16,34.98,34.191601,12044600,34.91
10/4/2019,35,35.189999,34.580002,34.91,34.123177,7037700,34.75
10/7/2019,34.599998,35.110001,34.299999,34.75,33.966785,6640500,33.880001
10/8/2019,34.310001,34.470001,33.709999,33.880001,33.116394,10686900,34.139999
10/9/2019,33.98,34.34,33.790001,34.139999,33.370529,6329300,34.66
10/10/2019,34.450001,35.299999,34.209999,34.66,33.878811,10914900,35.57
10/11/2019,35.220001,36,35.209999,35.57,34.768299,12177900,35.5
10/14/2019,35.389999,35.560001,35.27,35.5,34.699879,5630700,36.259998
10/15/2019,35.470001,36.560001,35.169998,36.259998,35.442749,10249400,36.650002
10/16/2019,36.490002,37.220001,36.450001,36.650002,35.823963,13294400,36.189999
10/17/2019,36.810001,36.82,35.869999,36.189999,35.374325,8122200,36.169998
10/18/2019,36.09,36.369999,36.009998,36.169998,35.354778,6858800,35.93
10/21/2019,36.439999,36.720001,35.630001,35.93,35.12019,7039300,36.310001
10/22/2019,35.77,36.580002,35.560001,36.310001,35.491623,6730400,36.610001
10/23/2019,36.25,36.639999,35.830002,36.610001,35.784866,6413900,35.82
10/24/2019,36.619999,36.77,35.740002,35.82,35.012669,6718800,36.740002
10/25/2019,35.779999,36.82,35.759998,36.740002,35.911934,8735600,36.639999
10/28/2019,37.209999,37.299999,36.490002,36.639999,35.814186,10645500,38.209999
10/29/2019,37.599998,38.700001,37.599998,38.209999,37.348797,18562500,37.91
10/30/2019,38.259998,38.259998,37.419998,37.91,37.055561,7393200,37.16
10/31/2019,37.619999,37.91,36.860001,37.16,36.322464,7652700,37.970001
11/1/2019,37.209999,38.07,37.209999,37.970001,37.114208,7925300,38.389999
11/4/2019,38.349998,38.490002,38.220001,38.389999,37.524746,7782300,38.23
11/5/2019,38.610001,38.889999,38.209999,38.23,37.368351,7317800,38.419998
11/6/2019,38.369999,38.48,37.759998,38.419998,37.554066,7280900,38.490002
11/7/2019,38.599998,38.900002,38.459999,38.490002,37.62249,8070100,38.669998
11/8/2019,38.419998,38.669998,37.82,38.669998,37.798431,5913000,38.720001
11/11/2019,38.599998,38.799999,38.380001,38.720001,37.847305,3907400,38.59
11/12/2019,38.740002,38.959999,38.360001,38.59,37.720234,12687200,37.189999
11/13/2019,38.400002,38.400002,37.09,37.189999,36.351791,12447200,36.799999
11/14/2019,37.099998,37.450001,36.689999,36.799999,35.970581,13019300,36.889999
11/15/2019,37,37.110001,36.73,36.889999,36.058548,12358900,36.619999
11/18/2019,36.68,36.830002,36.389999,36.619999,35.794636,9766600,36.380001
11/19/2019,36.669998,36.700001,36.009998,36.380001,35.560051,10534600,35.279999
11/20/2019,36.209999,36.259998,35.18,35.279999,34.484837,14056200,34.669998
11/21/2019,35.529999,35.580002,34.59,34.669998,33.888588,14379800,35.330002
11/22/2019,35.27,35.5,34.93,35.330002,34.533714,13566900,35.810001
11/25/2019,35.450001,35.889999,35.349998,35.810001,35.002895,12208000,35.91
11/26/2019,35.700001,35.93,35.509998,35.91,35.100639,8245900,36.139999
11/27/2019,36.009998,36.27,35.849998,36.139999,35.325455,5838700,36
11/29/2019,36.049999,36.130001,35.849998,36,35.18861,3927000,35.880001
12/2/2019,36.009998,36.360001,35.84,35.880001,35.071316,6782000,35.529999
12/3/2019,35.470001,35.619999,34.959999,35.529999,34.729202,8211000,35.799999
12/4/2019,35.740002,36.049999,35.68,35.799999,34.993114,8962100,35.310001
12/5/2019,35.599998,35.650002,35.220001,35.310001,34.884445,6892800,35.540001
12/6/2019,35.639999,35.759998,35.450001,35.540001,35.111671,8404200,35.380001
12/9/2019,35.450001,35.59,35.349998,35.380001,34.953602,6922700,35.110001
12/10/2019,35.349998,35.380001,34.959999,35.110001,34.686855,7594600,35.240002
12/11/2019,35.130001,35.41,35.099998,35.240002,34.815289,7754200,36.099998
12/12/2019,35.34,36.290001,35.240002,36.099998,35.664921,11352800,35.650002
12/13/2019,36.16,36.34,35.610001,35.650002,35.220348,8276000,36.110001
12/16/2019,35.82,36.240002,35.650002,36.110001,35.674805,11233700,36.310001
12/17/2019,36.200001,36.389999,36.110001,36.310001,35.872395,8869800,37.310001
12/18/2019,36.34,37.43,36.330002,37.310001,36.86034,12651000,37.259998
12/19/2019,37.310001,37.360001,36.84,37.259998,36.81094,10774000,37.25
12/20/2019,37.540001,37.619999,37.189999,37.25,36.801064,13976100,36.77
12/23/2019,37.389999,37.41,36.630001,36.77,36.326847,8754500,36.580002
12/24/2019,36.73,36.740002,36.5,36.580002,36.139141,2924200,36.48
12/26/2019,36.59,36.599998,36.330002,36.48,36.040344,5439700,36.560001
12/27/2019,36.560001,36.709999,36.43,36.560001,36.119381,5753500,36.439999
12/30/2019,36.5,36.639999,36.200001,36.439999,36.000824,5353900,36.599998
12/31/2019,36.369999,36.740002,36.32,36.599998,36.158894,5160200,37.380001
1/2/2020,37,37.380001,36.549999,37.380001,36.929497,7454400,36.32
1/3/2020,36.73,36.919998,36.110001,36.32,35.882271,9173000,35.84
1/6/2020,35.950001,36.18,35.799999,35.84,35.408058,8408200,35.150002
1/7/2020,35.75,35.84,34.740002,35.150002,34.726376,17556800,34.650002
1/8/2020,35.040001,35.200001,34.41,34.650002,34.232399,13229400,35.080002
1/9/2020,34.990002,35.099998,34.529999,35.080002,34.657219,9610400,34.650002
1/10/2020,35.150002,36.450001,34.509998,34.650002,34.232399,9644900,34.98
1/13/2020,34.689999,35,34.490002,34.98,34.558422,7465700,35.150002
1/14/2020,35,35.349998,34.959999,35.150002,34.726376,6827100,35.150002
1/15/2020,35,35.32,34.889999,35.150002,34.726376,7173900,35.549999
1/16/2020,35.209999,35.580002,35.150002,35.549999,35.121552,7280800,35.599998
1/17/2020,35.57,35.73,35.41,35.599998,35.170948,9871700,34.990002
1/21/2020,35.360001,35.549999,34.959999,34.990002,34.568302,11550500,34.91
1/22/2020,35.130001,35.349998,34.860001,34.91,34.489265,7358400,34.880001
1/23/2020,34.77,34.990002,34.009998,34.880001,34.459629,8595200,34.310001
1/24/2020,34.900002,34.990002,34.009998,34.310001,33.896496,9386600,33.41
1/27/2020,33.630001,33.759998,33.169998,33.41,33.007343,10359100,33.639999
1/28/2020,33.57,33.860001,33.34,33.639999,33.23457,8871000,33.599998
1/29/2020,33.799999,34.040001,33.59,33.599998,33.195053,6977700,33.330002
1/30/2020,33.400002,33.450001,32.970001,33.330002,32.92831,11533000,33.389999
1/31/2020,33.25,33.490002,33.139999,33.389999,32.987583,18631400,33.720001
2/3/2020,33.560001,34.34,33.52,33.720001,33.313606,17937100,34.369999
2/4/2020,34.349998,34.82,34.200001,34.369999,33.955772,14346300,35.029999
2/5/2020,34.900002,35.450001,34.189999,35.029999,34.607819,19050400,34.330002
2/6/2020,35.049999,35.099998,34.25,34.330002,33.916256,11866300,33.630001
2/7/2020,34.080002,34.16,33.419998,33.630001,33.224693,14437100,34.25
2/10/2020,33.990002,34.299999,33.669998,34.25,33.837219,12260600,35.009998
2/11/2020,34.34,35.259998,34.07,35.009998,34.588058,12718600,35.490002
2/12/2020,35.330002,35.790001,35.130001,35.490002,35.062275,12076300,35.290001
2/13/2020,35.209999,35.529999,35.16,35.290001,34.864685,7578400,34.759998
2/14/2020,35.299999,35.389999,34.419998,34.759998,34.341072,8946000,34.41
2/18/2020,34.25,34.740002,33.959999,34.41,33.995289,10531000,34.919998
2/19/2020,34.529999,35.099998,34.52,34.919998,34.499142,9079500,35.290001
2/20/2020,34.66,35.400002,34.59,35.290001,34.864685,7817900,34.650002
2/21/2020,34.990002,35.080002,34.41,34.650002,34.232399,8431500,33.09
2/24/2020,33.639999,33.75,32.790001,33.09,32.6912,14743100,31.75
2/25/2020,33.25,33.279999,31.4,31.75,31.36735,14621900,32
2/26/2020,32.099998,32.610001,31.889999,32,31.614336,14421900,30.709999
2/27/2020,31.299999,31.92,30.549999,30.709999,30.339882,14940400,30.5
2/28/2020,29.780001,30.5,29.33,30.5,30.132414,20832300,31.42
3/2/2020,30.52,31.450001,29.74,31.42,31.041327,14994600,30.52
3/3/2020,31.5,32.299999,30.26,30.52,30.152174,15816200,31.530001
3/4/2020,31,31.57,30.360001,31.530001,31.150002,16227800,30.1
3/5/2020,30.540001,30.77,30.01,30.1,30.1,17921300,28.690001
3/6/2020,29.209999,29.540001,28.450001,28.690001,28.690001,20009500,24.690001
3/9/2020,26,26.120001,24.15,24.690001,24.690001,28350600,27.120001
3/10/2020,25.98,27.139999,24.59,27.120001,27.120001,18287700,26
3/11/2020,26,26.620001,25.76,26,26,21309700,23.040001
3/12/2020,23.6,24.35,22.5,23.040001,23.040001,20344500,24.709999
3/13/2020,24.6,25.33,22.9,24.709999,24.709999,17909800,21
3/16/2020,21.51,22.41,21,21,21,18056800,20.32
3/17/2020,21.309999,21.58,19.5,20.32,20.32,23544400,16.799999
3/18/2020,18.83,19.049999,14.33,16.799999,16.799999,39591100,17.709999
3/19/2020,16.34,18.99,15,17.709999,17.709999,34361800,18.139999
3/20/2020,18.42,18.959999,17.68,18.139999,18.139999,35702000,17.6
3/23/2020,18.01,18.559999,17.23,17.6,17.6,25419700,21.110001
3/24/2020,19.32,21.67,18.6,21.110001,21.110001,24082900,21.49
3/25/2020,23,23.15,21,21.49,21.49,27617200,22.559999
3/26/2020,21.639999,22.969999,21.059999,22.559999,22.559999,16959000,21.379999
3/27/2020,21.370001,21.959999,20.74,21.379999,21.379999,18349700,21.32
3/30/2020,22.309999,22.48,20.629999,21.32,21.32,18477800,20.780001
3/31/2020,20.969999,22.209999,20.549999,20.780001,20.780001,20303000,19.26
4/1/2020,19.5,20.17,18.99,19.26,19.26,17467100,18.190001
4/2/2020,19.1,19.690001,17.790001,18.190001,18.190001,17920600,18.040001
4/3/2020,18.4,18.780001,17.85,18.040001,18.040001,13835500,19.549999
4/6/2020,19.1,19.76,18.549999,19.549999,19.549999,22442100,21.299999
4/7/2020,21.27,22.209999,20.709999,21.299999,21.299999,30405600,23.129999
4/8/2020,21.74,23.6,21.469999,23.129999,23.129999,23774400,24.059999
4/9/2020,24.16,24.99,23.58,24.059999,24.059999,22490500,23.01
4/13/2020,24.040001,24.1,22.719999,23.01,23.01,14802600,22.98
4/14/2020,23.6,23.77,22.67,22.98,22.98,12654700,21.66
4/15/2020,21.92,22.27,21.469999,21.66,21.66,12760900,20.870001
4/16/2020,21.639999,21.65,20.559999,20.870001,20.870001,11501700,22.48
4/17/2020,21.92,22.540001,21.83,22.48,22.48,17166300,22.379999
4/20/2020,21.719999,22.639999,21.440001,22.379999,22.379999,15912400,21.24
4/21/2020,21.27,21.889999,20.98,21.24,21.24,13507300,21.299999
4/22/2020,21.65,21.780001,21.07,21.299999,21.299999,9553600,21.52
4/23/2020,21.549999,22.059999,21.450001,21.52,21.52,10673000,21.950001
4/24/2020,21.709999,22.24,21.540001,21.950001,21.950001,11991400,22.450001
4/27/2020,21.52,22.57,21.139999,22.450001,22.450001,20240600,22.18
4/28/2020,23.18,23.4,22.1,22.18,22.18,22085500,23.780001
4/29/2020,22.75,24.57,22.68,23.780001,23.780001,23541000,22.290001
4/30/2020,23.440001,23.440001,22.25,22.290001,22.290001,15272400,20.9
5/1/2020,21.65,21.76,20.799999,20.9,20.9,17874500,20.75
5/4/2020,20.450001,20.879999,20.120001,20.75,20.75,16188800,21.26
5/5/2020,21.25,21.969999,21.120001,21.26,21.26,17802300,21.889999
5/6/2020,23.049999,23.65,21.83,21.889999,21.889999,34430500,22.440001
5/7/2020,22.18,22.98,22.030001,22.440001,22.440001,16977100,23.93
5/8/2020,23.07,24,23.049999,23.93,23.93,16562300,22.799999
5/11/2020,23.25,23.389999,22.59,22.799999,22.799999,16754000,22.559999
5/12/2020,22.99,23.27,22.549999,22.559999,22.559999,12182900,21.459999
5/13/2020,22.440001,22.450001,21.129999,21.459999,21.459999,16832600,22.309999
5/14/2020,20.66,22.34,20.49,22.309999,22.309999,15629100,22.629999
5/15/2020,21.969999,22.68,21.83,22.629999,22.629999,14221300,24.809999
5/18/2020,24,25.209999,24,24.809999,24.809999,23289200,24.690001
5/19/2020,24.75,25.700001,24.290001,24.690001,24.690001,18484600,25.48
5/20/2020,25.309999,25.889999,25.219999,25.48,25.48,14056800,25.799999
5/21/2020,25.290001,26.02,25.209999,25.799999,25.799999,14320700,25.98
5/22/2020,25.99,26.23,25.219999,25.98,25.98,14317400,27.4
5/26/2020,27.82,27.889999,27.25,27.4,27.4,18870500,27.790001
5/27/2020,28.530001,28.83,26.91,27.790001,27.790001,15030700,26.68
5/28/2020,27.860001,27.940001,26.6,26.68,26.68,11641000,25.879999
5/29/2020,26.35,26.57,25.690001,25.879999,25.879999,22223500,26.940001
6/1/2020,25.99,27.219999,25.91,26.940001,26.940001,10452800,27.41
6/2/2020,27.32,27.620001,26.950001,27.41,27.41,10953800,29.07
6/3/2020,28.42,29.129999,28.25,29.07,29.07,16860900,29.16
6/4/2020,28.860001,29.440001,28.52,29.16,29.16,16328800,30.610001
6/5/2020,31,31.15,29.809999,30.610001,30.610001,29418600,30.68
6/8/2020,31.219999,31.66,30.6,30.68,30.68,15234200,29.860001
6/9/2020,29.4,30.219999,28.709999,29.860001,29.860001,16945500,28.75
6/10/2020,29.799999,29.84,28.42,28.75,28.75,15648000,26.5
6/11/2020,26.620001,27.799999,26.290001,26.5,26.5,19121900,27.959999
6/12/2020,28.719999,28.959999,27.07,27.959999,27.959999,21587200,27.77
6/15/2020,26.610001,28.1,26.57,27.77,27.77,15321200,27.780001
6/16/2020,29.110001,29.18,27.48,27.780001,27.780001,17466100,27.16
6/17/2020,27.780001,28.049999,27.129999,27.16,27.16,11123800,27.09
6/18/2020,26.9,27.549999,26.709999,27.09,27.09,11086400,26.59
6/19/2020,27.74,27.83,26.33,26.59,26.59,27880400,26.370001
6/22/2020,26.6,26.639999,25.85,26.370001,26.370001,13079500,26.25
6/23/2020,26.75,26.85,26.23,26.25,26.25,12455400,25.280001
6/24/2020,25.85,25.98,25.01,25.280001,25.280001,14887800,25.23
6/25/2020,25,25.290001,24.540001,25.23,25.23,14328300,24.459999
6/26/2020,25,25.110001,24.25,24.459999,24.459999,16476800,25.299999
6/29/2020,24.709999,25.35,24.48,25.299999,25.299999,10011700,25.299999
6/30/2020,25.09,25.6,24.74,25.299999,25.299999,14322000,24.959999
7/1/2020,25.299999,25.940001,24.93,24.959999,24.959999,11963000,25.24
7/2/2020,25.620001,25.85,25.08,25.24,25.24,22202300,25.73
7/6/2020,25.959999,26.040001,25.43,25.73,25.73,9172100,25.129999
7/7/2020,25.59,25.629999,25.059999,25.129999,25.129999,11950500,24.940001
7/8/2020,25.190001,25.26,24.67,24.940001,24.940001,11111600,23.42
7/9/2020,24.76,24.83,23.33,23.42,23.42,17778200,24.389999
7/10/2020,23.549999,24.4,23.33,24.389999,24.389999,15660000,24.860001
7/13/2020,24.65,25.190001,24.370001,24.860001,24.860001,14766800,25.639999
7/14/2020,24.799999,25.85,24.67,25.639999,25.639999,16477100,26.879999
7/15/2020,26.32,27.030001,26.129999,26.879999,26.879999,14893700,26.85
7/16/2020,26.35,27.190001,26.26,26.85,26.85,9736400,26.450001
7/17/2020,26.99,27,26.25,26.450001,26.450001,8116100,26.01
7/20/2020,26.209999,26.540001,25.77,26.01,26.01,8663500,26.15
7/21/2020,26.17,26.48,25.969999,26.15,26.15,9740100,26.299999
7/22/2020,25.870001,26.5,25.799999,26.299999,26.299999,10702600,26.76
7/23/2020,26.440001,27.33,26.33,26.76,26.76,13653500,26.25
7/24/2020,26.6,26.879999,26.110001,26.25,26.25,8584800,25.700001
7/27/2020,25.879999,25.92,25.309999,25.700001,25.700001,16598100,26.33
7/28/2020,25.780001,26.75,25.690001,26.33,26.33,12854300,25.889999
7/29/2020,27.040001,27.049999,24.93,25.889999,25.889999,28792100,25.200001
7/30/2020,25.129999,25.459999,25.02,25.200001,25.200001,16012000,24.889999
7/31/2020,25.120001,25.15,24.440001,24.889999,24.889999,17789000,25.639999
8/3/2020,25.059999,25.77,24.82,25.639999,25.639999,10441200,25.799999
8/4/2020,25.870001,26.030001,25.51,25.799999,25.799999,15728800,26.33
8/5/2020,26.200001,26.35,25.879999,26.33,26.33,9252700,26.620001
8/6/2020,26.17,27.190001,26.15,26.620001,26.620001,14171800,26.719999
8/7/2020,26.48,26.809999,26.17,26.719999,26.719999,8038600,27.98
8/10/2020,26.91,28.059999,26.860001,27.98,27.98,10853600,28.52
8/11/2020,28.469999,29.35,28.440001,28.52,28.52,17260200,28.030001
8/12/2020,28.99,29.75,27.780001,28.030001,28.030001,10062400,27.549999
8/13/2020,27.73,28.219999,27.5,27.549999,27.549999,7586100,27.860001
8/14/2020,27.290001,28.129999,27.15,27.860001,27.860001,8587700,30.01
8/17/2020,28.6,30.780001,28.43,30.01,30.01,33827800,29.84
8/18/2020,30.549999,31.120001,29.790001,29.84,29.84,23102800,29.219999
8/19/2020,29.65,30.030001,29.08,29.219999,29.219999,14504200,28.83
8/20/2020,28.700001,29.17,28.639999,28.83,28.83,9680200,28.559999
8/21/2020,28.74,28.950001,28.43,28.559999,28.559999,9841200,30.309999
8/24/2020,29.280001,30.76,28.99,30.309999,30.309999,20137900,29.690001
8/25/2020,30.4,30.73,29.48,29.690001,29.690001,13006700,29.48
8/26/2020,29.780001,29.83,29.120001,29.48,29.48,9740000,29.690001
8/27/2020,29.6,30.24,29.52,29.690001,29.690001,8745400,30.02
8/28/2020,29.860001,30.23,29.639999,30.02,30.02,9180200,29.629999
8/31/2020,30.02,30.190001,29.610001,29.629999,29.629999,9585200,29.790001
9/1/2020,29.530001,29.85,29.34,29.790001,29.790001,9012000,30.959999
9/2/2020,29.85,31.09,29.799999,30.959999,30.959999,16246200,29.48
9/3/2020,30.93,31.52,29.129999,29.48,29.48,22358100,30
9/4/2020,29.93,30.370001,29.360001,30,30,13822000,32.380001
9/8/2020,31.719999,33.330002,31.049999,32.380001,32.380001,52000000,31.950001
9/9/2020,32.110001,32.75,31.73,31.950001,31.950001,22375200,30.17
9/10/2020,31.82,31.879999,30.139999,30.17,30.17,24845100,30.459999
9/11/2020,30.299999,30.57,29.870001,30.459999,30.459999,13638700,31.18
9/14/2020,30.719999,31.559999,30.540001,31.18,31.18,11972100,31.58
9/15/2020,31.360001,33.139999,30.83,31.58,31.58,21096300,31.790001
9/16/2020,32.68,32.790001,31.74,31.790001,31.790001,16397800,31.92
9/17/2020,31.309999,31.950001,30.950001,31.92,31.92,11459900,31.5
9/18/2020,31.85,32.049999,31.360001,31.5,31.5,15039900,30
9/21/2020,30.299999,30.42,29.16,30,30,20577900,29.440001
9/22/2020,29.85,30.360001,29.33,29.440001,29.440001,11106800,29.34
9/23/2020,29.49,29.99,29.200001,29.34,29.34,10899600,29.110001
9/24/2020,29.049999,29.59,28.24,29.110001,29.110001,12393700,29
9/25/2020,28.860001,29.219999,28.559999,29,29,9350400,29.440001
9/28/2020,29.82,30.040001,29.379999,29.440001,29.440001,8395700,28.74
9/29/2020,29.27,29.4,28.5,28.74,28.74,7419900,29.59
9/30/2020,28.889999,29.82,28.889999,29.59,29.59,11522000,30.379999
10/1/2020,29.52,30.51,29.15,30.379999,30.379999,15052900,30.459999
10/2/2020,29.65,30.9,29.59,30.459999,30.459999,9474000,30.959999
10/5/2020,30.85,31.290001,30.799999,30.959999,30.959999,8314100,30.4
10/6/2020,31.27,31.450001,30.299999,30.4,30.4,10293700,31.620001
10/7/2020,30.85,31.76,30.809999,31.620001,31.620001,11794500,32.209999
10/8/2020,31.9,32.639999,31.799999,32.209999,32.209999,17323300,32.16
10/9/2020,32.299999,32.68,32.02,32.16,32.16,9411700,32.209999
10/12/2020,32.360001,32.669998,32.119999,32.209999,32.209999,6932600,31.870001
10/13/2020,32.130001,32.279999,31.469999,31.870001,31.870001,7842100,31.67
10/14/2020,32.080002,32.240002,31.530001,31.67,31.67,8018000,32.59
10/15/2020,30.99,32.689999,30.950001,32.59,32.59,11829800,33.450001
10/16/2020,32.880001,33.470001,32.68,33.450001,33.450001,11947300,33.349998
10/19/2020,33.5,33.869999,33.049999,33.349998,33.349998,10527300,35.599998
10/20/2020,33.959999,36.369999,33.77,35.599998,35.599998,38660900,35.77
10/21/2020,36.099998,36.279999,35.130001,35.77,35.77,23277900,37.41
10/22/2020,35.900002,37.43,35.880001,37.41,37.41,23288900,36.830002
10/23/2020,37.490002,38.029999,36.779999,36.830002,36.830002,16296300,35.82
10/26/2020,36.27,36.43,35.200001,35.82,35.82,15448100,34.889999
10/27/2020,35.549999,35.849998,34.75,34.889999,34.889999,11168600,34.09
10/28/2020,33.73,34.630001,33.549999,34.09,34.09,15010800,34.889999
10/29/2020,34.509998,35.66,34.360001,34.889999,34.889999,14230400,34.529999
10/30/2020,34.459999,35.029999,33.959999,34.529999,34.529999,13074000,34.549999
11/2/2020,35.119999,35.380001,34.380001,34.549999,34.549999,14648400,35.349998
11/3/2020,35.099998,35.990002,34.889999,35.349998,35.349998,11439100,35.240002
11/4/2020,35.310001,35.77,34.23,35.240002,35.240002,14740600,37.139999
11/5/2020,36.900002,37.25,35.34,37.139999,37.139999,35075000,37.470001
11/6/2020,37.5,38.139999,37.009998,37.470001,37.470001,18089200,38.959999
11/9/2020,38.720001,39.720001,38.630001,38.959999,38.959999,22100800,41.080002
11/10/2020,39.75,41.59,39.560001,41.080002,41.080002,26746900,40.560001
11/11/2020,41.290001,41.77,40.110001,40.560001,40.560001,19841100,39.32
11/12/2020,40.110001,40.240002,38.810001,39.32,39.32,20239900,41.189999
11/13/2020,39.689999,41.32,39.599998,41.189999,41.189999,15004300,42.130001
11/16/2020,41.77,42.150002,40.919998,42.130001,42.130001,16692100,41.98
11/17/2020,41.849998,42.540001,41.139999,41.98,41.98,16088200,42.720001
11/18/2020,42.189999,44.130001,42.060001,42.720001,42.720001,27632500,42.82
11/19/2020,42.610001,43.189999,42.18,42.82,42.82,17214500,43.040001
11/20/2020,42.810001,43.32,42.369999,43.040001,43.040001,16881200,44.77
11/23/2020,43.959999,45.16,43.560001,44.77,44.77,22569600,46.459999
11/24/2020,45.91,46.709999,45.07,46.459999,46.459999,20048700,45.459999
11/25/2020,45.610001,46.060001,44.639999,45.459999,45.459999,16122300,45.060001
11/27/2020,45.349998,45.59,44.75,45.060001,45.060001,7528800,43.84
11/30/2020,44.959999,45.32,43.619999,43.84,43.84,21600500,44.68
12/1/2020,44.779999,45.450001,44,44.68,44.68,12995000,44.580002
12/2/2020,44,44.599998,43.669998,44.580002,44.580002,11280700,44.09
12/3/2020,44.790001,44.869999,43.959999,44.09,44.09,13437800,44.400002
12/4/2020,44.400002,44.740002,44.130001,44.400002,44.400002,11895200,44.310001
12/7/2020,44.400002,44.400002,43.580002,44.310001,44.310001,9207500,43.799999
12/8/2020,43.720001,44.18,43.419998,43.799999,43.799999,10160400,44.43
12/9/2020,44.130001,44.549999,43.91,44.43,44.43,12470500,42.869999
12/10/2020,43.830002,43.880001,42.459999,42.869999,42.869999,18235600,41.919998
12/11/2020,42.48,42.68,41.619999,41.919998,41.919998,15555600,41.619999
12/14/2020,42.490002,42.540001,41.419998,41.619999,41.619999,9995700,41.66
12/15/2020,41.990002,42.16,41.310001,41.66,41.66,12531600,41.419998
12/16/2020,41.790001,41.869999,40.810001,41.419998,41.419998,15134100,42.029999
12/17/2020,41.709999,42.029999,41.43,42.029999,42.029999,12081600,41.009998
12/18/2020,42.02,42.049999,40.59,41.009998,41.009998,21808300,41.209999
12/21/2020,40.259998,41.5,40.060001,41.209999,41.209999,15533900,40.900002
12/22/2020,41.349998,41.400002,40.549999,40.900002,40.900002,10559000,42.450001
12/23/2020,41.18,42.889999,41.099998,42.450001,42.450001,17573100,41.580002
12/24/2020,42.060001,42.200001,41.209999,41.580002,41.580002,7825400,41.66
12/28/2020,42,42.189999,41.630001,41.66,41.66,10471400,41.57
12/29/2020,41.889999,42.130001,41.369999,41.57,41.57,7987700,41.84
12/30/2020,41.650002,42.200001,41.57,41.84,41.84,6491900,41.639999
12/31/2020,41.759998,41.799999,41.200001,41.639999,41.639999,11101300,40.509998
1/4/2021,41.950001,42.119999,40.139999,40.509998,40.509998,15768100,41.66
1/5/2021,40.060001,41.84,40.040001,41.66,41.66,18045800,42.98
1/6/2021,41.919998,43.849998,41.860001,42.98,42.98,22694900,43.32
1/7/2021,43.98,43.98,42.959999,43.32,43.32,13625700,43.060001
1/8/2021,43.310001,43.490002,42.32,43.060001,43.060001,18426200,45.009998
1/11/2021,43.02,45.279999,42.630001,45.009998,45.009998,25887300,47.82
1/12/2021,46.299999,48.950001,45.650002,47.82,47.82,63889300,48.73
1/13/2021,50.779999,50.970001,48.060001,48.73,48.73,49229700,51.529999
1/14/2021,49.5,51.869999,49.330002,51.529999,51.529999,36839800,49.970001
1/15/2021,51.299999,51.400002,49.259998,49.970001,49.970001,25293700,54.84
1/19/2021,53.689999,55.139999,52.259998,54.84,54.84,64144000,55.860001
1/20/2021,56.23,56.599998,54.849998,55.860001,55.860001,47428500,55.080002
1/21/2021,56.330002,56.970001,54.759998,55.080002,55.080002,39886600,55.400002
1/22/2021,54.5,55.77,54.27,55.400002,55.400002,23895600,53.389999
1/25/2021,54.950001,55.16,51.02,53.389999,53.389999,39844200,52.040001
1/26/2021,53.389999,53.59,51.810001,52.040001,52.040001,21648200,49.34
1/27/2021,50.799999,50.860001,48.709999,49.34,49.34,38315200,51.040001
1/28/2021,49.880001,53,49.560001,51.040001,51.040001,37573400,50.68
1/29/2021,50.700001,51.779999,49.959999,50.68,50.68,26466800,51.509998
2/1/2021,51.459999,51.950001,50.439999,51.509998,51.509998,21451300,52.720001
2/2/2021,52.299999,52.98,51.959999,52.720001,52.720001,20457400,54.25
2/3/2021,53.299999,55.049999,53.189999,54.25,54.25,30706500,54.130001
2/4/2021,53.34,54.560001,52.970001,54.130001,54.130001,19243300,54.41
2/5/2021,54.82,55.049999,54.150002,54.41,54.41,17180100,56.880001
2/8/2021,56,57.049999,55.669998,56.880001,56.880001,26990000,56.060001
2/9/2021,56.540001,56.939999,55.740002,56.060001,56.060001,25168800,54.880001
2/10/2021,55.610001,55.689999,52.509998,54.880001,54.880001,55329800,53.5
2/11/2021,53.610001,53.799999,52.349998,53.5,53.5,29846000,53.599998
2/12/2021,53,54.189999,52.959999,53.599998,53.599998,15286300,53.459999
2/16/2021,53.709999,53.990002,53.220001,53.459999,53.459999,18541600,52.889999
2/17/2021,52.84,53.330002,52.080002,52.889999,52.889999,13989700,52.16
2/18/2021,52.560001,52.619999,51.599998,52.16,52.16,17615900,52.57
2/19/2021,52.5,53.290001,52.220001,52.57,52.57,15354400,51.98
2/22/2021,52,52.93,51.880001,51.98,51.98,14501300,51.110001
2/23/2021,51,51.380001,49.349998,51.110001,51.110001,21202700,52.900002
2/24/2021,51.950001,53.209999,51.290001,52.900002,52.900002,18375000,50.599998
2/25/2021,52.700001,52.93,50.549999,50.599998,50.599998,20628900,51.330002
2/26/2021,50.869999,51.73,49.919998,51.330002,51.330002,17119300,52.540001
3/1/2021,52.41,52.82,51.82,52.540001,52.540001,15370300,54.110001
3/2/2021,52.599998,55.290001,52.189999,54.110001,54.110001,36228700,52.669998
3/3/2021,54.5,54.880001,52.66,52.669998,52.669998,19638200,51.830002
3/4/2021,52.990002,54.18,50.25,51.830002,51.830002,26167600,53.75
3/5/2021,52.59,53.990002,50.48,53.75,53.75,25166700,54.98
3/8/2021,54.290001,56.200001,53.740002,54.98,54.98,24428500,54.650002
3/9/2021,55.360001,55.43,54.029999,54.650002,54.650002,17878400,56.830002
3/10/2021,55,56.950001,54.880001,56.830002,56.830002,22746200,56.330002
3/11/2021,56.869999,57.169998,55.939999,56.330002,56.330002,20213600,59.259998
3/12/2021,56,59.619999,55.700001,59.259998,59.259998,29800400,57.939999
3/15/2021,59.310001,59.310001,57.209999,57.939999,57.939999,19660100,57.119999
3/16/2021,58.360001,58.57,56.799999,57.119999,57.119999,15840800,60.049999
3/17/2021,57.240002,60.119999,57.150002,60.049999,60.049999,23517500,59.27
3/18/2021,60.060001,62.240002,58.880001,59.27,59.27,34798000,59.82
3/19/2021,59.34,60.32,58.18,59.82,59.82,23316200,58.099998
3/22/2021,58.75,58.93,56.509998,58.099998,58.099998,30094900,56.16
3/23/2021,56.990002,57.759998,55.709999,56.16,56.16,21280800,55.810001
3/24/2021,56.68,57.48,55.709999,55.810001,55.810001,20567200,56.599998
3/25/2021,54.599998,56.82,54.25,56.599998,56.599998,16178500,56.52
3/26/2021,57.009998,57.34,55.349998,56.52,56.52,16354700,55.939999
3/29/2021,56.080002,57.200001,55.740002,55.939999,55.939999,16058400,58.509998
3/30/2021,56.599998,58.630001,56.400002,58.509998,58.509998,19606800,57.459999
3/31/2021,58.279999,58.580002,57.27,57.459999,57.459999,20761300,57.799999
4/1/2021,57.919998,58.220001,57.040001,57.799999,57.799999,17783600,61.040001
4/5/2021,59,61.189999,58.75,61.040001,61.040001,24633000,61.939999
4/6/2021,60.5,63.439999,60.439999,61.939999,61.939999,39518700,60.830002
4/7/2021,61.860001,61.869999,60.689999,60.830002,60.830002,17167900,60.09
4/8/2021,60.360001,60.75,58.810001,60.09,60.09,19016300,60.16
4/9/2021,59.560001,60.380001,59.419998,60.16,60.16,12153600,59.66
4/12/2021,60.200001,60.290001,59.290001,59.66,59.66,10231000,58.490002
4/13/2021,59.23,59.540001,57.889999,58.490002,58.490002,17416600,58.48
4/14/2021,58.59,59.650002,58.25,58.48,58.48,14618100,58.610001
4/15/2021,59.450001,59.529999,58.369999,58.610001,58.610001,14395700,58.709999
4/16/2021,59.009998,59.310001,58.279999,58.709999,58.709999,11083100,57.880001
4/19/2021,58.57,58.740002,57.23,57.880001,57.880001,12262500,55.77
4/20/2021,57.119999,57.279999,54.919998,55.77,55.77,23736100,57.490002
4/21/2021,55.279999,57.5,54.709999,57.490002,57.490002,14648700,56.66
4/22/2021,57.540001,57.799999,56.130001,56.66,56.66,15822200,57.529999
